Filière (C);Filière (L);Cadre d'emplois (C);Cadre d'emplois (L);Grade (C);Grade (L)
FS_ADMINISTR;Administrative;CE_ADJADM;Adjoints administratifs territoriaux;GR_ADM037;Adjoint administratif territorial de 2ème classe
FS_ADMINISTR;Administrative;CE_ADJADM;Adjoints administratifs territoriaux;GR_ADM038;Adjoint administratif territorial de 1ère classe
FS_ADMINISTR;Administrative;CE_ADJADM;Adjoints administratifs territoriaux;GR_ADM039;Adjoint administratif territorial principal de 2ème classe
FS_ADMINISTR;Administrative;CE_ADJADM;Adjoints administratifs territoriaux;GR_ADM040;Adjoint administratif territorial principal de 1ère classe
FS_ADMINISTR;Administrative;CE_ADJADM;Adjoints administratifs territoriaux;GR_ADM041;Receveur principal des droits de place (E5)
FS_ADMINISTR;Administrative;CE_ADJADM;Adjoints administratifs territoriaux;GR_ADM042;Chef de standard téléphonique (E5)
FS_ADMINISTR;Administrative;CE_ADJADM;Adjoints administratifs territoriaux;GR_ADM043;Chef de standard téléphonique (E6)
FS_ADMINISTR;Administrative;CE_ADJADM;Adjoints administratifs territoriaux;GR_ADM044;Receveur principal des droits de place (E6)
FS_ADMINISTR;Administrative;CE_ADMINISTR;Administrateurs territoriaux;GR_ADM034;Administrateur
FS_ADMINISTR;Administrative;CE_ADMINISTR;Administrateurs territoriaux;GR_ADM035;Administrateur hors classe
FS_ADMINISTR;Administrative;CE_ATTACHE;Attachés territoriaux;GR_ADM012;Directeur territorial
FS_ADMINISTR;Administrative;CE_ATTACHE;Attachés territoriaux;GR_ADM012P;Directeur territorial (PROV)
FS_ADMINISTR;Administrative;CE_ATTACHE;Attachés territoriaux;GR_ADM050;Attaché
FS_ADMINISTR;Administrative;CE_ATTACHE;Attachés territoriaux;GR_ADM051;Attaché principal
FS_ADMINISTR;Administrative;CE_REDACTEUR;Rédacteurs territoriaux;GR_ADM020;Rédacteur chef
FS_ADMINISTR;Administrative;CE_REDACTEUR;Rédacteurs territoriaux;GR_ADM021P;Rédacteur chef provisoire (PROV.)
FS_ADMINISTR;Administrative;CE_REDACTEUR;Rédacteurs territoriaux;GR_ADM060;Rédacteur
FS_ADMINISTR;Administrative;CE_REDACTEUR;Rédacteurs territoriaux;GR_ADM061;Rédacteur principal
FS_ADMINISTR;Administrative;CE_SECMAIRIA;Secrétaires de mairie;EM_NON149;Secrétaire de commune -2000 hab. (cumul b - SMI)
FS_ADMINISTR;Administrative;CE_SECMAIRIA;Secrétaires de mairie;GR_ADM013;Secrétaire de mairie
FS_ADMINISTR;Administrative;CE_SECMAIRIA;Secrétaires de mairie;GR_ADM013P;Secrétaire de mairie (PROV.)
FS_ANIMATION;Animation;CE_ADJANI;Adjoints territoriaux d'animation;GR_ANI010;Adjoint territorial d'animation de 2ème classe
FS_ANIMATION;Animation;CE_ADJANI;Adjoints territoriaux d'animation;GR_ANI011;Adjoint territorial d'animation de 1ère classe
FS_ANIMATION;Animation;CE_ADJANI;Adjoints territoriaux d'animation;GR_ANI012;Adjoint territorial d'animation principal de 2ème classe
FS_ANIMATION;Animation;CE_ADJANI;Adjoints territoriaux d'animation;GR_ANI013;Adjoint territorial d'animation principal de 1ère classe
FS_ANIMATION;Animation;CE_ANIMATEUR;Animateurs territoriaux;GR_ANI003;Animateur chef
FS_ANIMATION;Animation;CE_ANIMATEUR;Animateurs territoriaux;GR_ANI060;Animateur
FS_ANIMATION;Animation;CE_ANIMATEUR;Animateurs territoriaux;GR_ANI061;Animateur principal
FS_CULTUREL;Culturelle;CE_ADJPAT;Adjoints territoriaux du patrimoine;GR_CUL036;Adjoint territorial du patrimoine de 2ème classe
FS_CULTUREL;Culturelle;CE_ADJPAT;Adjoints territoriaux du patrimoine;GR_CUL037;Adjoint territorial du patrimoine de 1ère classe
FS_CULTUREL;Culturelle;CE_ADJPAT;Adjoints territoriaux du patrimoine;GR_CUL038;Adjoint territorial du patrimoine principal de 2ème classe
FS_CULTUREL;Culturelle;CE_ADJPAT;Adjoints territoriaux du patrimoine;GR_CUL039;Adjoint territorial du patrimoine principal de 1ère classe
FS_CULTUREL;Culturelle;CE_ASSCPB;Assistants territoriaux de conservation du patrimoine et des bibliothèques;GR_CUL025;Assistant de conservation hors classe
FS_CULTUREL;Culturelle;CE_ASSCPB;Assistants territoriaux de conservation du patrimoine et des bibliothèques;GR_CUL026;Assistant de conservation hors classe provisoire
FS_CULTUREL;Culturelle;CE_ASSCPB;Assistants territoriaux de conservation du patrimoine et des bibliothèques;GR_CUL060;Assistant de conservation de 2ème classe (patrimoine/bibliothèque)
FS_CULTUREL;Culturelle;CE_ASSCPB;Assistants territoriaux de conservation du patrimoine et des bibliothèques;GR_CUL061;Assistant de conservation de 1ère classe (patrimoine/bibliothèque)
FS_CULTUREL;Culturelle;CE_ASSEA;Assistants territoriaux d'enseignement artistique;GR_CUL029;Assistant territorial d'enseignement artistique
FS_CULTUREL;Culturelle;CE_ASSQUACPB;Assistants territoriaux qualifiés de conservation du patrimoine et bibliothèques;GR_CUL017;Assistant qualifié de conservation de 2ème classe
FS_CULTUREL;Culturelle;CE_ASSQUACPB;Assistants territoriaux qualifiés de conservation du patrimoine et bibliothèques;GR_CUL017P;Assistant qualifié de conservation de 2ème classe (PROV.)
FS_CULTUREL;Culturelle;CE_ASSQUACPB;Assistants territoriaux qualifiés de conservation du patrimoine et bibliothèques;GR_CUL018;Assistant qualifié de conservation de 1ère classe
FS_CULTUREL;Culturelle;CE_ASSQUACPB;Assistants territoriaux qualifiés de conservation du patrimoine et bibliothèques;GR_CUL019;Assistant qualifié de conservation hors classe
FS_CULTUREL;Culturelle;CE_ASSSPEEA;Assistants territoriaux specialisés d'enseignement artistique;GR_CUL028;Assistant territorial spécialisé d'enseignement artistique
FS_CULTUREL;Culturelle;CE_ATTAPATRI;Attachés territoriaux de conservation du patrimoine;GR_CUL009;Attaché territorial de conservation (patrimoine)
FS_CULTUREL;Culturelle;CE_BIBLIOTHE;Bibliothecaires territoriaux;GR_CUL012;Bibliothécaire territorial
FS_CULTUREL;Culturelle;CE_CONSBIBLI;Conservateurs territoriaux bibliothèques;GR_CUL006;Conservateur en chef (bibliothèque)
FS_CULTUREL;Culturelle;CE_CONSBIBLI;Conservateurs territoriaux bibliothèques;GR_CUL080;Conservateur (bibliothèque)
FS_CULTUREL;Culturelle;CE_CONSPATRI;Conservateurs territoriaux du patrimoine;GR_CUL003;Conservateur en chef (patrimoine)
FS_CULTUREL;Culturelle;CE_CONSPATRI;Conservateurs territoriaux du patrimoine;GR_CUL070;Conservateur (patrimoine)
FS_CULTUREL;Culturelle;CE_DIRENSART;Directeurs territoriaux d'établissements d'enseignement artistique;GR_CUL013;Directeur d'établissement d'enseignement artistique de 2ème catégorie
FS_CULTUREL;Culturelle;CE_DIRENSART;Directeurs territoriaux d'établissements d'enseignement artistique;GR_CUL013P;Directeur d'établissement d'enseignement artistique de 2ème catégorie (PROV.)
FS_CULTUREL;Culturelle;CE_DIRENSART;Directeurs territoriaux d'établissements d'enseignement artistique;GR_CUL014;Directeur d'établissement d'enseignement artistique de 1ère catégorie
FS_CULTUREL;Culturelle;CE_DIRENSART;Directeurs territoriaux d'établissements d'enseignement artistique;GR_CUL014P;Directeur d'établissement d'enseignement artistique de 1ère catégorie (PROV.)
FS_CULTUREL;Culturelle;CE_INSSURVEI;Inspecteurs territoriaux de surveillance et magasinage du patrimoine;GR_CUL027;Inspecteur territorial de surveillance ou magasinage (patrimoine)
FS_CULTUREL;Culturelle;CE_PROENSART;Professeurs territoriaux d'enseignement artistique;GR_CUL015;Professeur d'enseignement artistique de classe normale
FS_CULTUREL;Culturelle;CE_PROENSART;Professeurs territoriaux d'enseignement artistique;GR_CUL016;Professeur d'enseignement artistique hors classe
FS_EMPLFONCT;Emplois fonctionnels;CEDCDG;Directeurs de centres de gestion (et adjoints);EF_FON053;Directeur de Centre de Gestion de 5 à 9000 agents
FS_EMPLFONCT;Emplois fonctionnels;CEDCDG;Directeurs de centres de gestion (et adjoints);EF_FON054;Directeur de Centre de Gestion de 9000 à 12 000 agents
FS_EMPLFONCT;Emplois fonctionnels;CEDCDG;Directeurs de centres de gestion (et adjoints);EF_FON055;Directeur de Centre de Gestion de 12 000 à 20 000 agents
FS_EMPLFONCT;Emplois fonctionnels;CEDCDG;Directeurs de centres de gestion (et adjoints);EF_FON056;Directeur de Centre de Gestion de 20 000 à 30 000 agents
FS_EMPLFONCT;Emplois fonctionnels;CEDCDG;Directeurs de centres de gestion (et adjoints);EF_FON057;Directeur de Centre de Gestion de plus de 30 000 agents
FS_EMPLFONCT;Emplois fonctionnels;CEDCDG;Directeurs de centres de gestion (et adjoints);EF_FON058;Directeur adjoint de Centre de Gestion de 5 à 9000 agents
FS_EMPLFONCT;Emplois fonctionnels;CEDCDG;Directeurs de centres de gestion (et adjoints);EF_FON059;Directeur adjoint de Centre de Gestion de 9000 à 20 000 agents
FS_EMPLFONCT;Emplois fonctionnels;CEDCDG;Directeurs de centres de gestion (et adjoints);EF_FON060;Directeur adjoint de Centre de Gestion de 20 000 à 30 000 agents
FS_EMPLFONCT;Emplois fonctionnels;CEDCDG;Directeurs de centres de gestion (et adjoints);EF_FON061;Directeur adjoint de Centre de Gestion de plus 30 000 agents
FS_EMPLFONCT;Emplois fonctionnels;CE_DIRAUT;Directeurs généraux des établissements publics (et adjoints);EF_FON015;Directeur général établissements publics de + 400.000 hab.
FS_EMPLFONCT;Emplois fonctionnels;CE_DIRAUT;Directeurs généraux des établissements publics (et adjoints);EF_FON016;Directeur général établissements publics de 150 à 400.000 hab.
FS_EMPLFONCT;Emplois fonctionnels;CE_DIRAUT;Directeurs généraux des établissements publics (et adjoints);EF_FON017;Directeur général établissements publics de 80 à 150.000 hab.
FS_EMPLFONCT;Emplois fonctionnels;CE_DIRAUT;Directeurs généraux des établissements publics (et adjoints);EF_FON018;Directeur général établissements publics de 40 à 80.000 hab.
FS_EMPLFONCT;Emplois fonctionnels;CE_DIRAUT;Directeurs généraux des établissements publics (et adjoints);EF_FON019;Directeur général établissements publics de 20 à 40.000 hab.
FS_EMPLFONCT;Emplois fonctionnels;CE_DIRAUT;Directeurs généraux des établissements publics (et adjoints);EF_FON020;Directeur général établissements publics de 5 à 10.000 hab.
FS_EMPLFONCT;Emplois fonctionnels;CE_DIRAUT;Directeurs généraux des établissements publics (et adjoints);EF_FON032;Directeur général adjoint établissements publics + 400.000 hab.
FS_EMPLFONCT;Emplois fonctionnels;CE_DIRAUT;Directeurs généraux des établissements publics (et adjoints);EF_FON033;Directeur général adjoint établissements publics de 150 à 400.000 hab.
FS_EMPLFONCT;Emplois fonctionnels;CE_DIRAUT;Directeurs généraux des établissements publics (et adjoints);EF_FON035;Directeur général adjoint établissements publics de 40 à 150.000 hab.
FS_EMPLFONCT;Emplois fonctionnels;CE_DIRAUT;Directeurs généraux des établissements publics (et adjoints);EF_FON036;Directeur général adjoint établissements publics de 20 à 40 000 habitants
FS_EMPLFONCT;Emplois fonctionnels;CE_DIRAUT;Directeurs généraux des établissements publics (et adjoints);EF_FON050;DG des étabs publics coop intercom à fiscalité propre + de 400 000 h
FS_EMPLFONCT;Emplois fonctionnels;CE_DIRAUT;Directeurs généraux des établissements publics (et adjoints);EF_FON051;DG des étabs publics coop intercom à fiscalité propre 150 h à 400 h
FS_EMPLFONCT;Emplois fonctionnels;CE_DIRAUT;Directeurs généraux des établissements publics (et adjoints);EF_FON052;DG des étabs publics coop intercom à fiscalité propre 80 à 150 h
FS_EMPLFONCT;Emplois fonctionnels;CE_DIRAUT;Directeurs généraux des établissements publics (et adjoints);EF_FON094;DG des étabs publics coop intercom à fiscalité propre 10 à 20 hab
FS_EMPLFONCT;Emplois fonctionnels;CE_DIRAUT;Directeurs généraux des établissements publics (et adjoints);EF_FON095;DG des étabs publics coop intercom à fiscalité propre 20 à 40 hab
FS_EMPLFONCT;Emplois fonctionnels;CE_DIRAUT;Directeurs généraux des établissements publics (et adjoints);EF_FON096;DG des étabs publics coop intercom à fiscalité propre 40 à 80 hab
FS_EMPLFONCT;Emplois fonctionnels;CE_DIRAUT;Directeurs généraux des établissements publics (et adjoints);EF_FON097;Directeur de CCAS de 10 à 20.000 habitants
FS_EMPLFONCT;Emplois fonctionnels;CE_DIRAUT;Directeurs généraux des établissements publics (et adjoints);EF_FON098;Directeur de CCAS de 20 à 40.000 habitants
FS_EMPLFONCT;Emplois fonctionnels;CE_DIRAUT;Directeurs généraux des établissements publics (et adjoints);EF_FON099;Directeur de CCAS de 40 à 80.000 habitants
FS_EMPLFONCT;Emplois fonctionnels;CE_DIRAUT;Directeurs généraux des établissements publics (et adjoints);EF_FON100;Directeur de CCAS de 80 à 150.000 habitants
FS_EMPLFONCT;Emplois fonctionnels;CE_DIRAUT;Directeurs généraux des établissements publics (et adjoints);EF_FON101;Directeur de CCAS de 150 à 400.000 habitants
FS_EMPLFONCT;Emplois fonctionnels;CE_DIRAUT;Directeurs généraux des établissements publics (et adjoints);EF_FON102;Directeur de CCAS de + 400.000 habitants
FS_EMPLFONCT;Emplois fonctionnels;CE_DIRAUT;Directeurs généraux des établissements publics (et adjoints);EF_FON103;Directeur adjoint de CCAS de 20 à 40.000 habitants
FS_EMPLFONCT;Emplois fonctionnels;CE_DIRAUT;Directeurs généraux des établissements publics (et adjoints);EF_FON104;Directeur adjoint de CCAS de 40 à 150.000 habitants
FS_EMPLFONCT;Emplois fonctionnels;CE_DIRAUT;Directeurs généraux des établissements publics (et adjoints);EF_FON105;Directeur adjoint de CCAS de 150 à 400.000 habitants
FS_EMPLFONCT;Emplois fonctionnels;CE_DIRAUT;Directeurs généraux des établissements publics (et adjoints);EF_FON106;Directeur adjoint de CCAS de + 400.000 habitants.
FS_EMPLFONCT;Emplois fonctionnels;CE_DIRAUT;Directeurs généraux des établissements publics (et adjoints);EF_FON107;Directeur de CIAS de 10 à 20.000 habitants
FS_EMPLFONCT;Emplois fonctionnels;CE_DIRAUT;Directeurs généraux des établissements publics (et adjoints);EF_FON108;Directeur de CIAS de 20 à 40.000 habitants
FS_EMPLFONCT;Emplois fonctionnels;CE_DIRAUT;Directeurs généraux des établissements publics (et adjoints);EF_FON109;Directeur de CIAS de 40 à 80.000 habitants
FS_EMPLFONCT;Emplois fonctionnels;CE_DIRAUT;Directeurs généraux des établissements publics (et adjoints);EF_FON110;Directeur de CIAS de 80 à 150.000 habitants
FS_EMPLFONCT;Emplois fonctionnels;CE_DIRAUT;Directeurs généraux des établissements publics (et adjoints);EF_FON111;Directeur de CIAS de 150 à 400.000 habitants
FS_EMPLFONCT;Emplois fonctionnels;CE_DIRAUT;Directeurs généraux des établissements publics (et adjoints);EF_FON112;Directeur de CIAS de + 400.000 habitants
FS_EMPLFONCT;Emplois fonctionnels;CE_DIRAUT;Directeurs généraux des établissements publics (et adjoints);EF_FON113;Directeur adjoint de CIAS de 20 à 40.000 habitants
FS_EMPLFONCT;Emplois fonctionnels;CE_DIRAUT;Directeurs généraux des établissements publics (et adjoints);EF_FON114;Directeur adjoint de CIAS de 40 à 150.000 habitants
FS_EMPLFONCT;Emplois fonctionnels;CE_DIRAUT;Directeurs généraux des établissements publics (et adjoints);EF_FON115;Directeur adjoint de CIAS de 150 à 400.000 habitants
FS_EMPLFONCT;Emplois fonctionnels;CE_DIRAUT;Directeurs généraux des établissements publics (et adjoints);EF_FON116;Directeur adjoint de CIAS de + 400.000 habitants
FS_EMPLFONCT;Emplois fonctionnels;CE_DIRAUT;Directeurs généraux des établissements publics (et adjoints);EF_FON117;Directeur général établissements publics de 10 à 20.000 hab.
FS_EMPLFONCT;Emplois fonctionnels;CE_DIRCOMAG;Directeurs de communautés d'agglomération (et adjoints);EF_FON072;Directeur de communautés d'agglomération de 20 à 40 000 habitants
FS_EMPLFONCT;Emplois fonctionnels;CE_DIRCOMAG;Directeurs de communautés d'agglomération (et adjoints);EF_FON073;Directeur de communautés d'agglomération de 40 à 80 000 habitants
FS_EMPLFONCT;Emplois fonctionnels;CE_DIRCOMAG;Directeurs de communautés d'agglomération (et adjoints);EF_FON074;Directeur de communautés d'agglomération de 80 à 150 000 habitants
FS_EMPLFONCT;Emplois fonctionnels;CE_DIRCOMAG;Directeurs de communautés d'agglomération (et adjoints);EF_FON075;Directeur de communautés d'agglomération de 150 à 400 000 habitants
FS_EMPLFONCT;Emplois fonctionnels;CE_DIRCOMAG;Directeurs de communautés d'agglomération (et adjoints);EF_FON076;Directeur de communautés d'agglomération de plus de  400 000 habitants
FS_EMPLFONCT;Emplois fonctionnels;CE_DIRCOMAG;Directeurs de communautés d'agglomération (et adjoints);EF_FON077;Directeur adjoint de communautés d'agglomération de 20 à 40 000 habitants
FS_EMPLFONCT;Emplois fonctionnels;CE_DIRCOMAG;Directeurs de communautés d'agglomération (et adjoints);EF_FON078;Directeur adjoint de communautés d'agglomération de 40 à 150 000 habitants
FS_EMPLFONCT;Emplois fonctionnels;CE_DIRCOMAG;Directeurs de communautés d'agglomération (et adjoints);EF_FON080;Directeur adjoint de communautés d'agglomération de 150 à 400 000 habitants
FS_EMPLFONCT;Emplois fonctionnels;CE_DIRCOMAG;Directeurs de communautés d'agglomération (et adjoints);EF_FON081;Directeur adjoint de communautés d'agglomération plus de 400 000 habitants
FS_EMPLFONCT;Emplois fonctionnels;CE_DIRCOMAG;Directeurs de communautés d'agglomération (et adjoints);EF_FON119;Directeur de communautés d'agglomération de 10 à 20 000 habitants
FS_EMPLFONCT;Emplois fonctionnels;CE_DIRCOMCO;Directeurs de communautés de communes (et adjoints);EF_FON062;Directeur de communautés de communes de 20 à 40 000 habitants
FS_EMPLFONCT;Emplois fonctionnels;CE_DIRCOMCO;Directeurs de communautés de communes (et adjoints);EF_FON063;Directeur de communautés de communes de 40 à 80 000 habitants
FS_EMPLFONCT;Emplois fonctionnels;CE_DIRCOMCO;Directeurs de communautés de communes (et adjoints);EF_FON064;Directeur de communautés de communes de 80 à 150 000 habitants
FS_EMPLFONCT;Emplois fonctionnels;CE_DIRCOMCO;Directeurs de communautés de communes (et adjoints);EF_FON065;Directeur de communautés de communes de 150 à 400 000 habitants
FS_EMPLFONCT;Emplois fonctionnels;CE_DIRCOMCO;Directeurs de communautés de communes (et adjoints);EF_FON066;Directeur de communautés de communes de plus de 400 000 habitants
FS_EMPLFONCT;Emplois fonctionnels;CE_DIRCOMCO;Directeurs de communautés de communes (et adjoints);EF_FON067;Directeur adjoint de communautés de communes de 20 à 40 000 habitants
FS_EMPLFONCT;Emplois fonctionnels;CE_DIRCOMCO;Directeurs de communautés de communes (et adjoints);EF_FON068;Directeur adjoint de communautés de communes de 40 à 150 000 habitants
FS_EMPLFONCT;Emplois fonctionnels;CE_DIRCOMCO;Directeurs de communautés de communes (et adjoints);EF_FON070;Directeur adjoint de communautés de communes de 150 à 400 000 habitants
FS_EMPLFONCT;Emplois fonctionnels;CE_DIRCOMCO;Directeurs de communautés de communes (et adjoints);EF_FON071;Directeur adjoint de communautés de communes de plus de 400 000 habitants
FS_EMPLFONCT;Emplois fonctionnels;CE_DIRCOMCO;Directeurs de communautés de communes (et adjoints);EF_FON118;Directeur de communautés de communes de 10 à 20 000 habitants
FS_EMPLFONCT;Emplois fonctionnels;CE_DIRGENDEP;Directeurs généraux de services départements ou régions (et adjoints);EF_FON037;Directeur général services départements + 900.000 hab.
FS_EMPLFONCT;Emplois fonctionnels;CE_DIRGENDEP;Directeurs généraux de services départements ou régions (et adjoints);EF_FON038;Directeur général services départements - 900.000 hab.
FS_EMPLFONCT;Emplois fonctionnels;CE_DIRGENDEP;Directeurs généraux de services départements ou régions (et adjoints);EF_FON039;Directeur général adjoint services départements + 900.000 hab.
FS_EMPLFONCT;Emplois fonctionnels;CE_DIRGENDEP;Directeurs généraux de services départements ou régions (et adjoints);EF_FON040;Directeur général adjoint services départements - 900.000 hab.
FS_EMPLFONCT;Emplois fonctionnels;CE_DIRGENDEP;Directeurs généraux de services départements ou régions (et adjoints);EF_FON041;Directeur général services régions + 2 M hab.
FS_EMPLFONCT;Emplois fonctionnels;CE_DIRGENDEP;Directeurs généraux de services départements ou régions (et adjoints);EF_FON042;Directeur général services régions - 2 M hab.
FS_EMPLFONCT;Emplois fonctionnels;CE_DIRGENDEP;Directeurs généraux de services départements ou régions (et adjoints);EF_FON043;Directeur général adjoint services régions + 2 M hab.
FS_EMPLFONCT;Emplois fonctionnels;CE_DIRGENDEP;Directeurs généraux de services départements ou régions (et adjoints);EF_FON044;Directeur général adjoint services régions - 2 M hab.
FS_EMPLFONCT;Emplois fonctionnels;CE_DIROPHLM;Directeurs d'O.P.H.L.M.;EF_FON082;Directeur d' O.P.H.L.M. de 5 000 à 10 000 logements
FS_EMPLFONCT;Emplois fonctionnels;CE_DIROPHLM;Directeurs d'O.P.H.L.M.;EF_FON083;Directeur d' O.P.H.L.M. de 10 000 à 15 000 logements
FS_EMPLFONCT;Emplois fonctionnels;CE_DIROPHLM;Directeurs d'O.P.H.L.M.;EF_FON084;Directeur d' O.P.H.L.M. de 15 000 à 20 000 logements
FS_EMPLFONCT;Emplois fonctionnels;CE_DIROPHLM;Directeurs d'O.P.H.L.M.;EF_FON085;Directeur d' O.P.H.L.M. de plus 20 000 logements
FS_EMPLFONCT;Emplois fonctionnels;CE_DIRTEC20K;Directeurs des services techniques de communes de + 10.000 hab.;EF_FON045;Directeur général des services techniques des communes de + 400.000 hab.
FS_EMPLFONCT;Emplois fonctionnels;CE_DIRTEC20K;Directeurs des services techniques de communes de + 10.000 hab.;EF_FON046;Directeur général des services techniques des communes de 150 à 400.000 hab.
FS_EMPLFONCT;Emplois fonctionnels;CE_DIRTEC20K;Directeurs des services techniques de communes de + 10.000 hab.;EF_FON047;Directeur général des services techniques des communes de 80 à 150.000 hab.
FS_EMPLFONCT;Emplois fonctionnels;CE_DIRTEC20K;Directeurs des services techniques de communes de + 10.000 hab.;EF_FON048;Directeur général des services techniques des communes de 40 à 80.000 hab.
FS_EMPLFONCT;Emplois fonctionnels;CE_DIRTEC20K;Directeurs des services techniques de communes de + 10.000 hab.;EF_FON049;Directeur des services techniques des communes de 20 à 40.000 hab.
FS_EMPLFONCT;Emplois fonctionnels;CE_DIRTEC20K;Directeurs des services techniques de communes de + 10.000 hab.;EF_FON091;Directeur des services techniques des communes de 10 à 20.000 hab.
FS_EMPLFONCT;Emplois fonctionnels;CE_SECGEN5K;Directeurs généraux des services des communes de + 2 000 hab. (et adjoints);EF_FON001;Directeur général des services des communes de + 400.000 hab.
FS_EMPLFONCT;Emplois fonctionnels;CE_SECGEN5K;Directeurs généraux des services des communes de + 2 000 hab. (et adjoints);EF_FON003;Directeur général des services des communes de 150 à 400.000 hab.
FS_EMPLFONCT;Emplois fonctionnels;CE_SECGEN5K;Directeurs généraux des services des communes de + 2 000 hab. (et adjoints);EF_FON005;Directeur général des services des communes de 80 à 150.000 hab.
FS_EMPLFONCT;Emplois fonctionnels;CE_SECGEN5K;Directeurs généraux des services des communes de + 2 000 hab. (et adjoints);EF_FON007;Directeur général des services des communes de 40 à 80.000 hab.
FS_EMPLFONCT;Emplois fonctionnels;CE_SECGEN5K;Directeurs généraux des services des communes de + 2 000 hab. (et adjoints);EF_FON009;Directeur général des services des communes 20 à 40.000 hab.
FS_EMPLFONCT;Emplois fonctionnels;CE_SECGEN5K;Directeurs généraux des services des communes de + 2 000 hab. (et adjoints);EF_FON021;Directeur général adjoint des services des communes de + 400.000 hab.
FS_EMPLFONCT;Emplois fonctionnels;CE_SECGEN5K;Directeurs généraux des services des communes de + 2 000 hab. (et adjoints);EF_FON023;Directeur général adjoint des services des communes de 150 à 400.000 hab.
FS_EMPLFONCT;Emplois fonctionnels;CE_SECGEN5K;Directeurs généraux des services des communes de + 2 000 hab. (et adjoints);EF_FON029;Directeur général adjoint des services des communes 20 à 40.000 hab.
FS_EMPLFONCT;Emplois fonctionnels;CE_SECGEN5K;Directeurs généraux des services des communes de + 2 000 hab. (et adjoints);EF_FON031;Directeur général adjoint des services des communes de 40 à 150.000 hab.
FS_EMPLFONCT;Emplois fonctionnels;CE_SECGEN5K;Directeurs généraux des services des communes de + 2 000 hab. (et adjoints);EF_FON090;Directeur général adjoint des services des communes 10 à 20.000 hab.
FS_EMPLFONCT;Emplois fonctionnels;CE_SECGEN5K;Directeurs généraux des services des communes de + 2 000 hab. (et adjoints);EF_FON092;Directeur général des services des communes 2.000 à 10.000 hab.
FS_EMPLFONCT;Emplois fonctionnels;CE_SECGEN5K;Directeurs généraux des services des communes de + 2 000 hab. (et adjoints);EF_FON093;Directeur général des services des communes 10 à 20.000 hab.
FS_EMPLNONST;EMPLOIS COMMUNAUX;CE_CADNONST$;EMPLOIS NON CLASSES;EM_ADJCULT$;Directeur adjoint à la culture
FS_EMPLNONST;EMPLOIS COMMUNAUX;CE_CADNONST$;EMPLOIS NON CLASSES;EM_ADJLOISI$;Directeur adjoint centre de loisirs
FS_EMPLNONST;EMPLOIS COMMUNAUX;CE_CADNONST$;EMPLOIS NON CLASSES;EM_AGTAMB$;Agent ambiance
FS_EMPLNONST;EMPLOIS COMMUNAUX;CE_CADNONST$;EMPLOIS NON CLASSES;EM_AGTAUXPI$;Agent de service aux. piscine
FS_EMPLNONST;EMPLOIS COMMUNAUX;CE_CADNONST$;EMPLOIS NON CLASSES;EM_AGTPOLYV$;Agent polyvalent
FS_EMPLNONST;EMPLOIS COMMUNAUX;CE_CADNONST$;EMPLOIS NON CLASSES;EM_AGTSPEH$;Agent spécialisé horaire
FS_EMPLNONST;EMPLOIS COMMUNAUX;CE_CADNONST$;EMPLOIS NON CLASSES;EM_ANIMAT$;Animateur non diplômé centre de loisirs
FS_EMPLNONST;EMPLOIS COMMUNAUX;CE_CADNONST$;EMPLOIS NON CLASSES;EM_ANIMBAFA$;Animateur BAFA
FS_EMPLNONST;EMPLOIS COMMUNAUX;CE_CADNONST$;EMPLOIS NON CLASSES;EM_APPRENTI$;Apprenti
FS_EMPLNONST;EMPLOIS COMMUNAUX;CE_CADNONST$;EMPLOIS NON CLASSES;EM_ASMATERN$;Assistante maternelle
FS_EMPLNONST;EMPLOIS COMMUNAUX;CE_CADNONST$;EMPLOIS NON CLASSES;EM_C$;(A Modifier)
FS_EMPLNONST;EMPLOIS COMMUNAUX;CE_CADNONST$;EMPLOIS NON CLASSES;EM_CAICINE$;Caissière de cinéma
FS_EMPLNONST;EMPLOIS COMMUNAUX;CE_CADNONST$;EMPLOIS NON CLASSES;EM_CANTINE$;Agent spécialisé cantines scolaires
FS_EMPLNONST;EMPLOIS COMMUNAUX;CE_CADNONST$;EMPLOIS NON CLASSES;EM_CHEFSOC$;Chef de service action sociale
FS_EMPLNONST;EMPLOIS COMMUNAUX;CE_CADNONST$;EMPLOIS NON CLASSES;EM_CHMISS$;Chargé de mission
FS_EMPLNONST;EMPLOIS COMMUNAUX;CE_CADNONST$;EMPLOIS NON CLASSES;EM_CHORISTE$;Choriste
FS_EMPLNONST;EMPLOIS COMMUNAUX;CE_CADNONST$;EMPLOIS NON CLASSES;EM_COLCAB$;COLLABORATEUR DE CABINET
FS_EMPLNONST;EMPLOIS COMMUNAUX;CE_CADNONST$;EMPLOIS NON CLASSES;EM_CONSCONJ$;Conseillère conjugale et familiale
FS_EMPLNONST;EMPLOIS COMMUNAUX;CE_CADNONST$;EMPLOIS NON CLASSES;EM_CONTEUR$;Conteur
FS_EMPLNONST;EMPLOIS COMMUNAUX;CE_CADNONST$;EMPLOIS NON CLASSES;EM_CONTIMP$;Contrôleur des impôts
FS_EMPLNONST;EMPLOIS COMMUNAUX;CE_CADNONST$;EMPLOIS NON CLASSES;EM_COORCCPD$;Coordinateur CCPD
FS_EMPLNONST;EMPLOIS COMMUNAUX;CE_CADNONST$;EMPLOIS NON CLASSES;EM_COORDZAC$;Coordinateur de ZAC
FS_EMPLNONST;EMPLOIS COMMUNAUX;CE_CADNONST$;EMPLOIS NON CLASSES;EM_CUISIN$;Cuisinier
FS_EMPLNONST;EMPLOIS COMMUNAUX;CE_CADNONST$;EMPLOIS NON CLASSES;EM_DEVECO$;Agent développement eco.
FS_EMPLNONST;EMPLOIS COMMUNAUX;CE_CADNONST$;EMPLOIS NON CLASSES;EM_DIRCAB$;Directeur cabinet
FS_EMPLNONST;EMPLOIS COMMUNAUX;CE_CADNONST$;EMPLOIS NON CLASSES;EM_DIRCULT$;Directeur services culturels
FS_EMPLNONST;EMPLOIS COMMUNAUX;CE_CADNONST$;EMPLOIS NON CLASSES;EM_DIRECTEU$;Directeur
FS_EMPLNONST;EMPLOIS COMMUNAUX;CE_CADNONST$;EMPLOIS NON CLASSES;EM_DIRLOISI$;Directeur centre de loisirs
FS_EMPLNONST;EMPLOIS COMMUNAUX;CE_CADNONST$;EMPLOIS NON CLASSES;EM_ECOLSP$;Ecole de sport
FS_EMPLNONST;EMPLOIS COMMUNAUX;CE_CADNONST$;EMPLOIS NON CLASSES;EM_ENSLANG$;Enseignant langue vivante
FS_EMPLNONST;EMPLOIS COMMUNAUX;CE_CADNONST$;EMPLOIS NON CLASSES;EM_ETUDE$;Etudes
FS_EMPLNONST;EMPLOIS COMMUNAUX;CE_CADNONST$;EMPLOIS NON CLASSES;EM_ETUDSURV$;Agent spécialisé études surveillées
FS_EMPLNONST;EMPLOIS COMMUNAUX;CE_CADNONST$;EMPLOIS NON CLASSES;EM_GESTINFO$;Gestionnaire informatique
FS_EMPLNONST;EMPLOIS COMMUNAUX;CE_CADNONST$;EMPLOIS NON CLASSES;EM_HYGALIM$;Conseiller en hygiène alimentaire
FS_EMPLNONST;EMPLOIS COMMUNAUX;CE_CADNONST$;EMPLOIS NON CLASSES;EM_INSCONTR$;Inspecteur des contributions
FS_EMPLNONST;EMPLOIS COMMUNAUX;CE_CADNONST$;EMPLOIS NON CLASSES;EM_INSTIT$;Instituteur
FS_EMPLNONST;EMPLOIS COMMUNAUX;CE_CADNONST$;EMPLOIS NON CLASSES;EM_INTCONC$;Intervenant Concours
FS_EMPLNONST;EMPLOIS COMMUNAUX;CE_CADNONST$;EMPLOIS NON CLASSES;EM_INTLANG$;Intervenante en langue
FS_EMPLNONST;EMPLOIS COMMUNAUX;CE_CADNONST$;EMPLOIS NON CLASSES;EM_JOURMUN$;Journaliste municipal
FS_EMPLNONST;EMPLOIS COMMUNAUX;CE_CADNONST$;EMPLOIS NON CLASSES;EM_JOURNAL$;Journaliste
FS_EMPLNONST;EMPLOIS COMMUNAUX;CE_CADNONST$;EMPLOIS NON CLASSES;EM_MEDBMH$;Médecin BMH
FS_EMPLNONST;EMPLOIS COMMUNAUX;CE_CADNONST$;EMPLOIS NON CLASSES;EM_MEDECIN$;Médecin
FS_EMPLNONST;EMPLOIS COMMUNAUX;CE_CADNONST$;EMPLOIS NON CLASSES;EM_MEDIAT$;Médiateur local
FS_EMPLNONST;EMPLOIS COMMUNAUX;CE_CADNONST$;EMPLOIS NON CLASSES;EM_MNS$;M N S
FS_EMPLNONST;EMPLOIS COMMUNAUX;CE_CADNONST$;EMPLOIS NON CLASSES;EM_MONMUSIQ$;Moniteur éducation musicale
FS_EMPLNONST;EMPLOIS COMMUNAUX;CE_CADNONST$;EMPLOIS NON CLASSES;EM_MUSICIEN$;Musicien
FS_EMPLNONST;EMPLOIS COMMUNAUX;CE_CADNONST$;EMPLOIS NON CLASSES;EM_POMPVOL$;Pompier volontaire
FS_EMPLNONST;EMPLOIS COMMUNAUX;CE_CADNONST$;EMPLOIS NON CLASSES;EM_PROF$;Professeur
FS_EMPLNONST;EMPLOIS COMMUNAUX;CE_CADNONST$;EMPLOIS NON CLASSES;EM_PROFARPL$;Professeur arts plastiques
FS_EMPLNONST;EMPLOIS COMMUNAUX;CE_CADNONST$;EMPLOIS NON CLASSES;EM_PROFDANS$;Professeur de danses
FS_EMPLNONST;EMPLOIS COMMUNAUX;CE_CADNONST$;EMPLOIS NON CLASSES;EM_PROFEMMD$;Professeur musique et danse
FS_EMPLNONST;EMPLOIS COMMUNAUX;CE_CADNONST$;EMPLOIS NON CLASSES;EM_PROFMUS$;Professeur de musique
FS_EMPLNONST;EMPLOIS COMMUNAUX;CE_CADNONST$;EMPLOIS NON CLASSES;EM_REGI$;Régisseur
FS_EMPLNONST;EMPLOIS COMMUNAUX;CE_CADNONST$;EMPLOIS NON CLASSES;EM_REGISPEC$;Régisseur de spectacles
FS_EMPLNONST;EMPLOIS COMMUNAUX;CE_CADNONST$;EMPLOIS NON CLASSES;EM_RESPORT$;Responsable service Sports
FS_EMPLNONST;EMPLOIS COMMUNAUX;CE_CADNONST$;EMPLOIS NON CLASSES;EM_RESPUBL$;Responsable Services Publics
FS_EMPLNONST;EMPLOIS COMMUNAUX;CE_CADNONST$;EMPLOIS NON CLASSES;EM_SECRECON$;Secrétaire non indiciaire.
FS_EMPLNONST;EMPLOIS COMMUNAUX;CE_CADNONST$;EMPLOIS NON CLASSES;EM_SOUSCOL$;Agent soutien scolaire
FS_EMPLNONST;EMPLOIS COMMUNAUX;CE_CADNONST$;EMPLOIS NON CLASSES;EM_SPE$;Emploi spécifique
FS_EMPLNONST;EMPLOIS COMMUNAUX;CE_CADNONST$;EMPLOIS NON CLASSES;EM_SURACTNA$;Surveillant activité nautique
FS_EMPLNONST;EMPLOIS COMMUNAUX;CE_CADNONST$;EMPLOIS NON CLASSES;EM_SURVECOL$;Surveillant des écoles
FS_EMPLNONST;EMPLOIS COMMUNAUX;CE_CADNONST$;EMPLOIS NON CLASSES;EM_TRESOPAL$;Trésorier principal
FS_EMPLNONST;EMPLOIS COMMUNAUX;CE_CADNONST$;EMPLOIS NON CLASSES;EM_USEP$;USEP
FS_EMPLNONST;EMPLOIS COMMUNAUX;CE_CADNONST$;EMPLOIS NON CLASSES;ES_S0173$;NT - Secretaire polyvalente (usan)
FS_EMPLNONST;EMPLOIS COMMUNAUX;CE_CATTECC;Emplois technique de Catégorie C;EM_TEC001;Chef d'équipe d'ouvrier professionnel
FS_EMPLNONST;EMPLOIS COMMUNAUX;CE_CATTECC;Emplois technique de Catégorie C;EM_TEC001C;Chef d'équipe d'ouvrier professionnel (CHEV.)
FS_EMPLNONST;EMPLOIS COMMUNAUX;CE_ELUS$;ELUS MUNICIPAUX;EM_ADJOINT$;Adjoint au maire
FS_EMPLNONST;EMPLOIS COMMUNAUX;CE_ELUS$;ELUS MUNICIPAUX;EM_CONSMUN$;Conseiller municipal
FS_EMPLNONST;EMPLOIS COMMUNAUX;CE_ELUS$;ELUS MUNICIPAUX;EM_MAIRE$;Maire
FS_EMPLNONST;EMPLOIS COMMUNAUX;CE_ELUS$;ELUS MUNICIPAUX;EM_PRESID$;Président
FS_EMPLNONST;EMPLOIS COMMUNAUX;CE_ELUS$;ELUS MUNICIPAUX;EM_VPRESID$;Vice-président
FS_EMPLNONST;EMPLOIS COMMUNAUX;CE_EMPNTA$;Emplois non statutaires A;ES_NTA0136$;NT - Chef de projet (cie A)
FS_EMPLNONST;EMPLOIS COMMUNAUX;CE_EMPNTA$;Emplois non statutaires A;ES_NTA0176$;NT - Coordinatrice activités pour la jeunesse F.T.
FS_EMPLNONST;EMPLOIS COMMUNAUX;CE_EMPNTA$;Emplois non statutaires A;ESS0013$;NT - Médiateur
FS_EMPLNONST;EMPLOIS COMMUNAUX;CE_EMPNTA$;Emplois non statutaires A;ESS0014$;NT - Coordinateur dispositif réussite éducative
FS_EMPLNONST;EMPLOIS COMMUNAUX;CE_EMPNTA$;Emplois non statutaires A;ESS0017$;NT - Chargé de mission GPV
FS_EMPLNONST;EMPLOIS COMMUNAUX;CE_EMPNTA$;Emplois non statutaires A;ESS0022$;NT - Conseiller en Performance
FS_EMPLNONST;EMPLOIS COMMUNAUX;CE_EMPNTA$;Emplois non statutaires A;ESS0032$;NT - Coordinateur des services
FS_EMPLNONST;EMPLOIS COMMUNAUX;CE_EMPNTA$;Emplois non statutaires A;ESS0038$;NT - Agent de développement GUP
FS_EMPLNONST;EMPLOIS COMMUNAUX;CE_EMPNTA$;Emplois non statutaires A;ESS0040$;NT - Agent de développement social
FS_EMPLNONST;EMPLOIS COMMUNAUX;CE_EMPNTA$;Emplois non statutaires A;ESS0051$;NT - Chef de projet habitat
FS_EMPLNONST;EMPLOIS COMMUNAUX;CE_EMPNTA$;Emplois non statutaires A;ESS0052$;NT - Chef de projet territoire numérique
FS_EMPLNONST;EMPLOIS COMMUNAUX;CE_EMPNTA$;Emplois non statutaires A;ESS0056$;NT - Directrice de la Maison Petite Enfance
FS_EMPLNONST;EMPLOIS COMMUNAUX;CE_EMPNTA$;Emplois non statutaires A;ESS0060$;"NT - Chargé de mission Transformation SIVOM"""""
FS_EMPLNONST;EMPLOIS COMMUNAUX;CE_EMPNTA$;Emplois non statutaires A;ESS0063$;NT - Directrice de Communication
FS_EMPLNONST;EMPLOIS COMMUNAUX;CE_EMPNTA$;Emplois non statutaires A;ESS0064$;NT - Chargé de mission CUCS
FS_EMPLNONST;EMPLOIS COMMUNAUX;CE_EMPNTA$;Emplois non statutaires A;ESS0071$;NT - Chargé de projet CUCS
FS_EMPLNONST;EMPLOIS COMMUNAUX;CE_EMPNTA$;Emplois non statutaires A;ESS0081$;NT - Chargé de mission Projet de Territoire
FS_EMPLNONST;EMPLOIS COMMUNAUX;CE_EMPNTA$;Emplois non statutaires A;ESS0085$;NT - Chargé de mission OPC
FS_EMPLNONST;EMPLOIS COMMUNAUX;CE_EMPNTA$;Emplois non statutaires A;ESS0089$;NT - Référent familles réussite éducative
FS_EMPLNONST;EMPLOIS COMMUNAUX;CE_EMPNTA$;Emplois non statutaires A;ESS0090$;NT - Chef de projet CUCS
FS_EMPLNONST;EMPLOIS COMMUNAUX;CE_EMPNTA$;Emplois non statutaires A;ESS0092$;NT - Animateur FISAC
FS_EMPLNONST;EMPLOIS COMMUNAUX;CE_EMPNTA$;Emplois non statutaires A;ESS0093$;NT - Coordinateur réussite éducative
FS_EMPLNONST;EMPLOIS COMMUNAUX;CE_EMPNTA$;Emplois non statutaires A;ESS0099$;NT - Journaliste
FS_EMPLNONST;EMPLOIS COMMUNAUX;CE_EMPNTA$;Emplois non statutaires A;ES_S0102$;NT - Directeur de cabinet
FS_EMPLNONST;EMPLOIS COMMUNAUX;CE_EMPNTA$;Emplois non statutaires A;ESS0105$;NT - Adjoint au directeur général des services
FS_EMPLNONST;EMPLOIS COMMUNAUX;CE_EMPNTA$;Emplois non statutaires A;ES_S0106$;NT - Attaché de presse
FS_EMPLNONST;EMPLOIS COMMUNAUX;CE_EMPNTA$;Emplois non statutaires A;ESS0106$;NT - Juriste d'entreprise
FS_EMPLNONST;EMPLOIS COMMUNAUX;CE_EMPNTA$;Emplois non statutaires A;ESS0107$;NT - Référent R.M.I.
FS_EMPLNONST;EMPLOIS COMMUNAUX;CE_EMPNTA$;Emplois non statutaires A;ESS0108$;NT - Chargé de mission PLDAIE
FS_EMPLNONST;EMPLOIS COMMUNAUX;CE_EMPNTA$;Emplois non statutaires A;ESS0109$;NT - Agent de développement Politique de la Ville
FS_EMPLNONST;EMPLOIS COMMUNAUX;CE_EMPNTA$;Emplois non statutaires A;ES_S011B$;NT - Coordonnateur chargé de mission (ass attaché)
FS_EMPLNONST;EMPLOIS COMMUNAUX;CE_EMPNTA$;Emplois non statutaires A;ESS0110$;NT - Chargé de mission contrat d'agglomération
FS_EMPLNONST;EMPLOIS COMMUNAUX;CE_EMPNTA$;Emplois non statutaires A;ESS0112$;NT - Agent de développement Politique de la Ville
FS_EMPLNONST;EMPLOIS COMMUNAUX;CE_EMPNTA$;Emplois non statutaires A;ES_S0113$;NT - Journaliste
FS_EMPLNONST;EMPLOIS COMMUNAUX;CE_EMPNTA$;Emplois non statutaires A;ESS0113$;NT - Chargé de mission entreprises
FS_EMPLNONST;EMPLOIS COMMUNAUX;CE_EMPNTA$;Emplois non statutaires A;ESS0114$;NT - Référent de parcours réussite éducative
FS_EMPLNONST;EMPLOIS COMMUNAUX;CE_EMPNTA$;Emplois non statutaires A;ESS0115$;NT - Journaliste
FS_EMPLNONST;EMPLOIS COMMUNAUX;CE_EMPNTA$;Emplois non statutaires A;ESS0123$;NT - Chef de projet CUCS
FS_EMPLNONST;EMPLOIS COMMUNAUX;CE_EMPNTA$;Emplois non statutaires A;ESS0132$;NT - Chef de projet ANRU
FS_EMPLNONST;EMPLOIS COMMUNAUX;CE_EMPNTA$;Emplois non statutaires A;ES_S0136$;NT - Chef de projet
FS_EMPLNONST;EMPLOIS COMMUNAUX;CE_EMPNTA$;Emplois non statutaires A;ES_S0137$;NT - Délégué général
FS_EMPLNONST;EMPLOIS COMMUNAUX;CE_EMPNTA$;Emplois non statutaires A;ES_S0138$;NT - Assitante chef de projet
FS_EMPLNONST;EMPLOIS COMMUNAUX;CE_EMPNTA$;Emplois non statutaires A;ES_S0141$;NT - Chargé du développement culturel
FS_EMPLNONST;EMPLOIS COMMUNAUX;CE_EMPNTA$;Emplois non statutaires A;ESS0142$;NT - Chargé de mission communication
FS_EMPLNONST;EMPLOIS COMMUNAUX;CE_EMPNTA$;Emplois non statutaires A;ES_S0143$;NT - Chargé de mission économique
FS_EMPLNONST;EMPLOIS COMMUNAUX;CE_EMPNTA$;Emplois non statutaires A;ES_S0144$;NT - Chargé de communication
FS_EMPLNONST;EMPLOIS COMMUNAUX;CE_EMPNTA$;Emplois non statutaires A;ES_S0146$;NT - Chargé des relations publiques
FS_EMPLNONST;EMPLOIS COMMUNAUX;CE_EMPNTA$;Emplois non statutaires A;ESS0150$;NT - Coordonnateur des Services Techniques
FS_EMPLNONST;EMPLOIS COMMUNAUX;CE_EMPNTA$;Emplois non statutaires A;ES_S0155$;NT - Gestionnaire des restaurants municipaux
FS_EMPLNONST;EMPLOIS COMMUNAUX;CE_EMPNTA$;Emplois non statutaires A;ES_S0159$;NT - Controleur de gestion
FS_EMPLNONST;EMPLOIS COMMUNAUX;CE_EMPNTA$;Emplois non statutaires A;ES_S0163$;NT - Adjoint au chef de service informatique
FS_EMPLNONST;EMPLOIS COMMUNAUX;CE_EMPNTA$;Emplois non statutaires A;ES_S017B$;NT - Dir action econo emploi FT (ass att)
FS_EMPLNONST;EMPLOIS COMMUNAUX;CE_EMPNTA$;Emplois non statutaires A;ES_S0171$;NT - Agent comptable
FS_EMPLNONST;EMPLOIS COMMUNAUX;CE_EMPNTA$;Emplois non statutaires A;ESS0172$;NT - Chef de projet ANRU
FS_EMPLNONST;EMPLOIS COMMUNAUX;CE_EMPNTA$;Emplois non statutaires A;ESS0174$;NT - Chargé de mission réduction déchets
FS_EMPLNONST;EMPLOIS COMMUNAUX;CE_EMPNTA$;Emplois non statutaires A;ESS0175$;NT - Chargé de mission PLDE
FS_EMPLNONST;EMPLOIS COMMUNAUX;CE_EMPNTA$;Emplois non statutaires A;ESS0176$;NT - Directrice de communication
FS_EMPLNONST;EMPLOIS COMMUNAUX;CE_EMPNTA$;Emplois non statutaires A;ESS0179$;NT - Coordinateur Dispositif de Réussite Educative
FS_EMPLNONST;EMPLOIS COMMUNAUX;CE_EMPNTA$;Emplois non statutaires A;ESS0181$;NT - Chef de projet Politique de la Ville
FS_EMPLNONST;EMPLOIS COMMUNAUX;CE_EMPNTA$;Emplois non statutaires A;ESS0182$;NT - Chef de projet
FS_EMPLNONST;EMPLOIS COMMUNAUX;CE_EMPNTA$;Emplois non statutaires A;ES_S0183$;NT - Agent contractuel (C/A)
FS_EMPLNONST;EMPLOIS COMMUNAUX;CE_EMPNTA$;Emplois non statutaires A;ES_S019C$;NT - Direct adm gen. / personnel
FS_EMPLNONST;EMPLOIS COMMUNAUX;CE_EMPNTA$;Emplois non statutaires A;ES_S019D$;NT - Assistant d' étude
FS_EMPLNONST;EMPLOIS COMMUNAUX;CE_EMPNTA$;Emplois non statutaires A;ES_S019F$;NT - Directeur parc depart val joly
FS_EMPLNONST;EMPLOIS COMMUNAUX;CE_EMPNTA$;Emplois non statutaires A;ES_S0192$;NT - Secretaire genenral adjoint
FS_EMPLNONST;EMPLOIS COMMUNAUX;CE_EMPNTA$;Emplois non statutaires A;ES_S0193$;NT - Secretaire du syndicat
FS_EMPLNONST;EMPLOIS COMMUNAUX;CE_EMPNTA$;Emplois non statutaires A;ES_S0196$;NT - Responsable de la formation
FS_EMPLNONST;EMPLOIS COMMUNAUX;CE_EMPNTA$;Emplois non statutaires A;ES_S0198$;NT - Directeur centre de formation PAIO
FS_EMPLNONST;EMPLOIS COMMUNAUX;CE_EMPNTA$;Emplois non statutaires A;ES_S0309$;NT - Encadrant technique
FS_EMPLNONST;EMPLOIS COMMUNAUX;CE_EMPNTA$;Emplois non statutaires A;ES_S0370$;NT - Conseiller technique de securite
FS_EMPLNONST;EMPLOIS COMMUNAUX;CE_EMPNTA$;Emplois non statutaires A;ES_S0372$;NT - Conseiller technique et pedagoqique croix
FS_EMPLNONST;EMPLOIS COMMUNAUX;CE_EMPNTA$;Emplois non statutaires A;ES_S0395$;NT - Responsable collecte selective
FS_EMPLNONST;EMPLOIS COMMUNAUX;CE_EMPNTA$;Emplois non statutaires A;ES_S0396$;NT - Chef projet (directeur technique)
FS_EMPLNONST;EMPLOIS COMMUNAUX;CE_EMPNTA$;Emplois non statutaires A;ES_S0397$;NT - Responsable technique (controleur)
FS_EMPLNONST;EMPLOIS COMMUNAUX;CE_EMPNTA$;Emplois non statutaires A;ES_S0401$;NT - Travailleur social
FS_EMPLNONST;EMPLOIS COMMUNAUX;CE_EMPNTA$;Emplois non statutaires A;ES_S041A$;NT - Medecin 1ere classe (2/5 - mpp)
FS_EMPLNONST;EMPLOIS COMMUNAUX;CE_EMPNTA$;Emplois non statutaires A;ES_S041B$;NT - Medecin  - TNC (mpp)
FS_EMPLNONST;EMPLOIS COMMUNAUX;CE_EMPNTA$;Emplois non statutaires A;ES_S0412$;NT - Medecin 1ere classe mi temps (mpp)
FS_EMPLNONST;EMPLOIS COMMUNAUX;CE_EMPNTA$;Emplois non statutaires A;ES_S0430$;NT - Psychomotricienne
FS_EMPLNONST;EMPLOIS COMMUNAUX;CE_EMPNTA$;Emplois non statutaires A;ES_S0440$;NT - Directrice maison pour tous*
FS_EMPLNONST;EMPLOIS COMMUNAUX;CE_EMPNTA$;Emplois non statutaires A;ES_S0458$;"NT - Directeur (trice) LFR carrefour de l'amitié"""""
FS_EMPLNONST;EMPLOIS COMMUNAUX;CE_EMPNTA$;Emplois non statutaires A;ES_S0469$;NT - Directrice centre social
FS_EMPLNONST;EMPLOIS COMMUNAUX;CE_EMPNTA$;Emplois non statutaires A;ES_S0474$;NT - Intervenant spec toxicomanie (as phycho)
FS_EMPLNONST;EMPLOIS COMMUNAUX;CE_EMPNTA$;Emplois non statutaires A;ES_S0500$;NT - Directeur coordination de l enseignement
FS_EMPLNONST;EMPLOIS COMMUNAUX;CE_EMPNTA$;Emplois non statutaires A;ES_S0506$;NT - Professeur de musique
FS_EMPLNONST;EMPLOIS COMMUNAUX;CE_EMPNTA$;Emplois non statutaires A;ES_S0509$;NT - Responsable culture / communication
FS_EMPLNONST;EMPLOIS COMMUNAUX;CE_EMPNTA$;Emplois non statutaires A;ES_S051A$;NT - Directeur d harmonie
FS_EMPLNONST;EMPLOIS COMMUNAUX;CE_EMPNTA$;Emplois non statutaires A;ES_S0520$;NT - Directeur ecole de musique
FS_EMPLNONST;EMPLOIS COMMUNAUX;CE_EMPNTA$;Emplois non statutaires A;ES_S0555$;NT - Conseiller territorial 2eme classe
FS_EMPLNONST;EMPLOIS COMMUNAUX;CE_EMPNTA$;Emplois non statutaires A;ES_S0588$;NT - Directeur affaires culturelles
FS_EMPLNONST;EMPLOIS COMMUNAUX;CE_EMPNTA$;Emplois non statutaires A;ES_S0589$;NT - Coordinateur action culturelle
FS_EMPLNONST;EMPLOIS COMMUNAUX;CE_EMPNTA$;Emplois non statutaires A;ES_S0590$;NT - Direct resp act cult
FS_EMPLNONST;EMPLOIS COMMUNAUX;CE_EMPNTA$;Emplois non statutaires A;ES_S0596$;NT - Animateur arts plastiques
FS_EMPLNONST;EMPLOIS COMMUNAUX;CE_EMPNTA$;Emplois non statutaires A;ES_S0601$;NT - Directeur base nautique
FS_EMPLNONST;EMPLOIS COMMUNAUX;CE_EMPNTA$;Emplois non statutaires A;ES_S0741$;NT - Coordinateur prevention delinquance
FS_EMPLNONST;EMPLOIS COMMUNAUX;CE_EMPNTA$;Emplois non statutaires A;ES_S0742$;NT - Coordinateur de prevention
FS_EMPLNONST;EMPLOIS COMMUNAUX;CE_EMPNTA$;Emplois non statutaires A;ES_S0743$;NT - Coordinateur des actions jeunesses
FS_EMPLNONST;EMPLOIS COMMUNAUX;CE_EMPNTA$;Emplois non statutaires A;ES_S0745$;NT - Coordinateur du projet ville et quartier
FS_EMPLNONST;EMPLOIS COMMUNAUX;CE_EMPNTA$;Emplois non statutaires A;ES_S0746$;NT - Coordinateur contrat ville
FS_EMPLNONST;EMPLOIS COMMUNAUX;CE_EMPNTA$;Emplois non statutaires A;ES_S0750$;NT - Responsable insertion
FS_EMPLNONST;EMPLOIS COMMUNAUX;CE_EMPNTA$;Emplois non statutaires A;ES_S0760$;NT - Responsable PAIO
FS_EMPLNONST;EMPLOIS COMMUNAUX;CE_EMPNTB$;Emplois non statutaires B;ESS0002$;NT - Agent de développement social Contrat Ville
FS_EMPLNONST;EMPLOIS COMMUNAUX;CE_EMPNTB$;Emplois non statutaires B;ESS0003$;NT - Agent de développement social Contrat Ville
FS_EMPLNONST;EMPLOIS COMMUNAUX;CE_EMPNTB$;Emplois non statutaires B;ESS0005$;NT - Adjoint au chargé de mission CUCS
FS_EMPLNONST;EMPLOIS COMMUNAUX;CE_EMPNTB$;Emplois non statutaires B;ESS0012$;NT - Chargée de Relations Entreprises
FS_EMPLNONST;EMPLOIS COMMUNAUX;CE_EMPNTB$;Emplois non statutaires B;ESS0015$;NT - Assistante suivi valorisation des déchets
FS_EMPLNONST;EMPLOIS COMMUNAUX;CE_EMPNTB$;Emplois non statutaires B;ESS0016$;NT - Agent AFIS
FS_EMPLNONST;EMPLOIS COMMUNAUX;CE_EMPNTB$;Emplois non statutaires B;ESS0023$;NT - Conseiller PLIE
FS_EMPLNONST;EMPLOIS COMMUNAUX;CE_EMPNTB$;Emplois non statutaires B;ESS0024$;NT - Educateur de prévention jeunesse
FS_EMPLNONST;EMPLOIS COMMUNAUX;CE_EMPNTB$;Emplois non statutaires B;ESS0031$;NT - Référent de Parcours RSA
FS_EMPLNONST;EMPLOIS COMMUNAUX;CE_EMPNTB$;Emplois non statutaires B;ESS0036$;NT - Chargé d'animation Cyber-Base
FS_EMPLNONST;EMPLOIS COMMUNAUX;CE_EMPNTB$;Emplois non statutaires B;ESS0037$;NT - Chargé d'animation Cyber-Base
FS_EMPLNONST;EMPLOIS COMMUNAUX;CE_EMPNTB$;Emplois non statutaires B;ESS0039$;NT - Animateur d'insertion et de lutte
FS_EMPLNONST;EMPLOIS COMMUNAUX;CE_EMPNTB$;Emplois non statutaires B;ESS0050$;NT - Formateur théorique
FS_EMPLNONST;EMPLOIS COMMUNAUX;CE_EMPNTB$;Emplois non statutaires B;ESS0062$;NT - Chef de projet contrat ville
FS_EMPLNONST;EMPLOIS COMMUNAUX;CE_EMPNTB$;Emplois non statutaires B;ESS0065$;NT - Animateur autour du livre
FS_EMPLNONST;EMPLOIS COMMUNAUX;CE_EMPNTB$;Emplois non statutaires B;ESS0066$;NT - Coordonnateur administratif CUCS
FS_EMPLNONST;EMPLOIS COMMUNAUX;CE_EMPNTB$;Emplois non statutaires B;ESS0069$;NT - Référent généraliste de parcours
FS_EMPLNONST;EMPLOIS COMMUNAUX;CE_EMPNTB$;Emplois non statutaires B;ESS0073$;NT - Animateur cybercentres
FS_EMPLNONST;EMPLOIS COMMUNAUX;CE_EMPNTB$;Emplois non statutaires B;ESS0074$;NT - Animateur cybercentres
FS_EMPLNONST;EMPLOIS COMMUNAUX;CE_EMPNTB$;Emplois non statutaires B;ESS0075$;NT - Animateur cybercentres
FS_EMPLNONST;EMPLOIS COMMUNAUX;CE_EMPNTB$;Emplois non statutaires B;ESS0076$;NT - Animateur cybercentres
FS_EMPLNONST;EMPLOIS COMMUNAUX;CE_EMPNTB$;Emplois non statutaires B;ESS0077$;NT - Animateur cybercentres
FS_EMPLNONST;EMPLOIS COMMUNAUX;CE_EMPNTB$;Emplois non statutaires B;ESS0083$;NT - Chargé de mission SCOT
FS_EMPLNONST;EMPLOIS COMMUNAUX;CE_EMPNTB$;Emplois non statutaires B;ESS0088$;NT - Animateur de la rivière et du bassin
FS_EMPLNONST;EMPLOIS COMMUNAUX;CE_EMPNTB$;Emplois non statutaires B;ESS0096$;NT - Coordinateur dispositif de réussite éducative
FS_EMPLNONST;EMPLOIS COMMUNAUX;CE_EMPNTB$;Emplois non statutaires B;ES_S0103$;NT - Chargé développement informatique bureautique (Ass Réd)
FS_EMPLNONST;EMPLOIS COMMUNAUX;CE_EMPNTB$;Emplois non statutaires B;ES_S0109$;NT - Responsable gestion affaires com. Halle.
FS_EMPLNONST;EMPLOIS COMMUNAUX;CE_EMPNTB$;Emplois non statutaires B;ESS0117$;NT - Coordinateur Animateur
FS_EMPLNONST;EMPLOIS COMMUNAUX;CE_EMPNTB$;Emplois non statutaires B;ESS0121$;NT - Secrétaire assistante
FS_EMPLNONST;EMPLOIS COMMUNAUX;CE_EMPNTB$;Emplois non statutaires B;ESS0122$;NT - Secrétaire assistante
FS_EMPLNONST;EMPLOIS COMMUNAUX;CE_EMPNTB$;Emplois non statutaires B;ESS0124$;NT - Formateur technique
FS_EMPLNONST;EMPLOIS COMMUNAUX;CE_EMPNTB$;Emplois non statutaires B;ESS0128$;NT - Chargé culturel
FS_EMPLNONST;EMPLOIS COMMUNAUX;CE_EMPNTB$;Emplois non statutaires B;ESS0134$;NT - Secrétaire assistante
FS_EMPLNONST;EMPLOIS COMMUNAUX;CE_EMPNTB$;Emplois non statutaires B;ESS0137$;NT - Animateur Prévention Jeunesse
FS_EMPLNONST;EMPLOIS COMMUNAUX;CE_EMPNTB$;Emplois non statutaires B;ESS0156$;NT - Chargé de missions stratégie foncière
FS_EMPLNONST;EMPLOIS COMMUNAUX;CE_EMPNTB$;Emplois non statutaires B;ESS0157$;NT - Chargé de missions habitat
FS_EMPLNONST;EMPLOIS COMMUNAUX;CE_EMPNTB$;Emplois non statutaires B;ESS0161$;NT - Agent de développement
FS_EMPLNONST;EMPLOIS COMMUNAUX;CE_EMPNTB$;Emplois non statutaires B;ESS0163$;NT - Animateur espace cyber-base
FS_EMPLNONST;EMPLOIS COMMUNAUX;CE_EMPNTB$;Emplois non statutaires B;ESS0165$;NT - Formateur
FS_EMPLNONST;EMPLOIS COMMUNAUX;CE_EMPNTB$;Emplois non statutaires B;ESS0166$;NT - Formateur technique
FS_EMPLNONST;EMPLOIS COMMUNAUX;CE_EMPNTB$;Emplois non statutaires B;ES_S0170$;NT - Conseiller des metiers croix / HEM
FS_EMPLNONST;EMPLOIS COMMUNAUX;CE_EMPNTB$;Emplois non statutaires B;ESS0173$;NT - Educateur de prévention jeunesse
FS_EMPLNONST;EMPLOIS COMMUNAUX;CE_EMPNTB$;Emplois non statutaires B;ES_S0174$;NT - Secretaire direction (SIVOM Tourcoing)
FS_EMPLNONST;EMPLOIS COMMUNAUX;CE_EMPNTB$;Emplois non statutaires B;ES_S019E$;NT - Agent contractuel (C/B)
FS_EMPLNONST;EMPLOIS COMMUNAUX;CE_EMPNTB$;Emplois non statutaires B;ES_S0190$;NT - Secretaire PAIO
FS_EMPLNONST;EMPLOIS COMMUNAUX;CE_EMPNTB$;Emplois non statutaires B;ESS0193$;NT - Référent RSA
FS_EMPLNONST;EMPLOIS COMMUNAUX;CE_EMPNTB$;Emplois non statutaires B;ES_S0194$;NT - Responsable de l informatique /Fetes
FS_EMPLNONST;EMPLOIS COMMUNAUX;CE_EMPNTB$;Emplois non statutaires B;ESS0194$;NT - Référent RSA
FS_EMPLNONST;EMPLOIS COMMUNAUX;CE_EMPNTB$;Emplois non statutaires B;ES_S0195$;NT - Formateur
FS_EMPLNONST;EMPLOIS COMMUNAUX;CE_EMPNTB$;Emplois non statutaires B;ES_S0197$;NT - Secretaire assistante
FS_EMPLNONST;EMPLOIS COMMUNAUX;CE_EMPNTB$;Emplois non statutaires B;ES_S0199$;NT - Correspondante PAIO
FS_EMPLNONST;EMPLOIS COMMUNAUX;CE_EMPNTB$;Emplois non statutaires B;ES_S0303$;NT - Responsable informatique ser tech
FS_EMPLNONST;EMPLOIS COMMUNAUX;CE_EMPNTB$;Emplois non statutaires B;ES_S0320$;NT - Responsable des services techniques
FS_EMPLNONST;EMPLOIS COMMUNAUX;CE_EMPNTB$;Emplois non statutaires B;ES_S0340$;NT - Monitrice d enseignement menager
FS_EMPLNONST;EMPLOIS COMMUNAUX;CE_EMPNTB$;Emplois non statutaires B;ES_S0342$;NT - Aide monitrice d enseignement menager
FS_EMPLNONST;EMPLOIS COMMUNAUX;CE_EMPNTB$;Emplois non statutaires B;ES_S0355$;NT - Mouleur archeoloqique
FS_EMPLNONST;EMPLOIS COMMUNAUX;CE_EMPNTB$;Emplois non statutaires B;ES_S0398$;NT - Conducteur bateaux
FS_EMPLNONST;EMPLOIS COMMUNAUX;CE_EMPNTB$;Emplois non statutaires B;ES_S0434$;NT - Agent de developpement social
FS_EMPLNONST;EMPLOIS COMMUNAUX;CE_EMPNTB$;Emplois non statutaires B;ES_S0473$;NT - Intervenant en toxicomanie
FS_EMPLNONST;EMPLOIS COMMUNAUX;CE_EMPNTB$;Emplois non statutaires B;ES_S049A$;NT - Coordinatrice petite enfance
FS_EMPLNONST;EMPLOIS COMMUNAUX;CE_EMPNTB$;Emplois non statutaires B;ES_S049C$;NT - Coordinateur temps libre
FS_EMPLNONST;EMPLOIS COMMUNAUX;CE_EMPNTB$;Emplois non statutaires B;ES_S0508$;NT - Coordinat mus rock F.THU (ass adj mus)
FS_EMPLNONST;EMPLOIS COMMUNAUX;CE_EMPNTB$;Emplois non statutaires B;ES_S0524$;NT - Directeur ecole de musique
FS_EMPLNONST;EMPLOIS COMMUNAUX;CE_EMPNTB$;Emplois non statutaires B;ES_S0525$;NT - Professeur arts plastiq F THU (ass edu cf)
FS_EMPLNONST;EMPLOIS COMMUNAUX;CE_EMPNTB$;Emplois non statutaires B;ES_S0531$;NT - Enseignant CM expression musicale
FS_EMPLNONST;EMPLOIS COMMUNAUX;CE_EMPNTB$;Emplois non statutaires B;ES_S0532$;NT - Assistant d'enseignement mus.
FS_EMPLNONST;EMPLOIS COMMUNAUX;CE_EMPNTB$;Emplois non statutaires B;ES_S0542$;NT - Professeur
FS_EMPLNONST;EMPLOIS COMMUNAUX;CE_EMPNTB$;Emplois non statutaires B;ES_S0545$;NT - Adjoint d' Enseignement musical
FS_EMPLNONST;EMPLOIS COMMUNAUX;CE_EMPNTB$;Emplois non statutaires B;ES_S0565$;NT - Photographe
FS_EMPLNONST;EMPLOIS COMMUNAUX;CE_EMPNTB$;Emplois non statutaires B;ES_S0577$;NT - Professeur de danse
FS_EMPLNONST;EMPLOIS COMMUNAUX;CE_EMPNTB$;Emplois non statutaires B;ES_S0611$;NT - Adjoint au chef service des sports
FS_EMPLNONST;EMPLOIS COMMUNAUX;CE_EMPNTB$;Emplois non statutaires B;ES_S0617$;NT - Educateur technique
FS_EMPLNONST;EMPLOIS COMMUNAUX;CE_EMPNTB$;Emplois non statutaires B;ES_S0618$;NT - Educateur APS 2eme classe
FS_EMPLNONST;EMPLOIS COMMUNAUX;CE_EMPNTB$;Emplois non statutaires B;ES_S0630$;NT - Animateur sportif
FS_EMPLNONST;EMPLOIS COMMUNAUX;CE_EMPNTB$;Emplois non statutaires B;ES_S0700$;NT - Agent non titulaire
FS_EMPLNONST;EMPLOIS COMMUNAUX;CE_EMPNTB$;Emplois non statutaires B;ES_S0701$;NT - Directrice centre loisirs
FS_EMPLNONST;EMPLOIS COMMUNAUX;CE_EMPNTB$;Emplois non statutaires B;ES_S0703$;NT - Assistant directeur centre social
FS_EMPLNONST;EMPLOIS COMMUNAUX;CE_EMPNTB$;Emplois non statutaires B;ES_S0713$;NT - Animateur pour la jeunesse (F.THUM)
FS_EMPLNONST;EMPLOIS COMMUNAUX;CE_EMPNTB$;Emplois non statutaires B;ES_S0715$;NT - Animateur
FS_EMPLNONST;EMPLOIS COMMUNAUX;CE_EMPNTB$;Emplois non statutaires B;ES_S0720$;NT - Animateur reseau parrainage
FS_EMPLNONST;EMPLOIS COMMUNAUX;CE_EMPNTB$;Emplois non statutaires B;ES_S0723$;NT - Animateur associatif
FS_EMPLNONST;EMPLOIS COMMUNAUX;CE_EMPNTB$;Emplois non statutaires B;ES_S0761$;NT - Responsable parcours insertion
FS_EMPLNONST;EMPLOIS COMMUNAUX;CE_EMPNTB$;Emplois non statutaires B;ES_S1440$;NT - Chef de poste (ecogarde)
FS_EMPLNONST;EMPLOIS COMMUNAUX;CE_EMPNTC$;Emplois non statutaires C;ESS0001$;NT - Médiateur culturel du spectacle vivant
FS_EMPLNONST;EMPLOIS COMMUNAUX;CE_EMPNTC$;Emplois non statutaires C;ESS0007$;NT - Reporter Photographe
FS_EMPLNONST;EMPLOIS COMMUNAUX;CE_EMPNTC$;Emplois non statutaires C;ESS0008$;NT - Technicien informatique multimédia
FS_EMPLNONST;EMPLOIS COMMUNAUX;CE_EMPNTC$;Emplois non statutaires C;ESS0011$;NT - Chargé de mission emploi,insertion,solidarité
FS_EMPLNONST;EMPLOIS COMMUNAUX;CE_EMPNTC$;Emplois non statutaires C;ESS0028$;NT - Formateur technique
FS_EMPLNONST;EMPLOIS COMMUNAUX;CE_EMPNTC$;Emplois non statutaires C;ESS0029$;NT - Ambassadeur du Tri
FS_EMPLNONST;EMPLOIS COMMUNAUX;CE_EMPNTC$;Emplois non statutaires C;ESS0030$;NT - Animateur relais inter-associations
FS_EMPLNONST;EMPLOIS COMMUNAUX;CE_EMPNTC$;Emplois non statutaires C;ESS0048$;NT - Médiateur cinéma
FS_EMPLNONST;EMPLOIS COMMUNAUX;CE_EMPNTC$;Emplois non statutaires C;ESS0055$;NT - Ambassadeur de Tri
FS_EMPLNONST;EMPLOIS COMMUNAUX;CE_EMPNTC$;Emplois non statutaires C;ESS0067$;NT - Assistant de gestion financière
FS_EMPLNONST;EMPLOIS COMMUNAUX;CE_EMPNTC$;Emplois non statutaires C;ESS0068$;NT - Ambassadeur du Tri
FS_EMPLNONST;EMPLOIS COMMUNAUX;CE_EMPNTC$;Emplois non statutaires C;ESS0070$;NT - Agent des services techniques
FS_EMPLNONST;EMPLOIS COMMUNAUX;CE_EMPNTC$;Emplois non statutaires C;ESS0080$;NT - Agent d'animation de cybercentre
FS_EMPLNONST;EMPLOIS COMMUNAUX;CE_EMPNTC$;Emplois non statutaires C;ESS0084$;NT - Assistante administrative SCOT
FS_EMPLNONST;EMPLOIS COMMUNAUX;CE_EMPNTC$;Emplois non statutaires C;ESS0086$;NT - Médiateur culturel du Spectacle Vivant
FS_EMPLNONST;EMPLOIS COMMUNAUX;CE_EMPNTC$;Emplois non statutaires C;ESS0087$;NT - Médiateur du cinéma
FS_EMPLNONST;EMPLOIS COMMUNAUX;CE_EMPNTC$;Emplois non statutaires C;ESS0095$;NT - Référent du dispositif de réussite éducative
FS_EMPLNONST;EMPLOIS COMMUNAUX;CE_EMPNTC$;Emplois non statutaires C;ES_S0121$;NT - Agent contractuel (C/C)
FS_EMPLNONST;EMPLOIS COMMUNAUX;CE_EMPNTC$;Emplois non statutaires C;ES_S0122$;NT - Assistant adjoint de l'attaché
FS_EMPLNONST;EMPLOIS COMMUNAUX;CE_EMPNTC$;Emplois non statutaires C;ESS0127$;NT - Secrétaire assistante
FS_EMPLNONST;EMPLOIS COMMUNAUX;CE_EMPNTC$;Emplois non statutaires C;ESS0133$;NT - Secrétaire assistante
FS_EMPLNONST;EMPLOIS COMMUNAUX;CE_EMPNTC$;Emplois non statutaires C;ESS0135$;NT - Secrétaire assistante communication
FS_EMPLNONST;EMPLOIS COMMUNAUX;CE_EMPNTC$;Emplois non statutaires C;ESS0136$;NT - Secrétaire assistante
FS_EMPLNONST;EMPLOIS COMMUNAUX;CE_EMPNTC$;Emplois non statutaires C;ESS0169$;NT - Ambassadeur du Tri
FS_EMPLNONST;EMPLOIS COMMUNAUX;CE_EMPNTC$;Emplois non statutaires C;ESS0180$;NT - Référent Dispositif de Réussite Educative
FS_EMPLNONST;EMPLOIS COMMUNAUX;CE_EMPNTC$;Emplois non statutaires C;ES_S0302$;NT - Concierge
FS_EMPLNONST;EMPLOIS COMMUNAUX;CE_EMPNTC$;Emplois non statutaires C;ES_S0341$;NT - Monitrice de couture
FS_EMPLNONST;EMPLOIS COMMUNAUX;CE_EMPNTC$;Emplois non statutaires C;ES_S0350$;NT - Operateur Offset
FS_EMPLNONST;EMPLOIS COMMUNAUX;CE_EMPNTC$;Emplois non statutaires C;ES_S0380$;NT - Surveillant restaurants scolaires
FS_EMPLNONST;EMPLOIS COMMUNAUX;CE_EMPNTC$;Emplois non statutaires C;ES_S0480$;NT - Assistantce maternelle
FS_EMPLNONST;EMPLOIS COMMUNAUX;CE_EMPNTC$;Emplois non statutaires C;ES_S0482$;NT - Aide soignant(e)
FS_EMPLNONST;EMPLOIS COMMUNAUX;CE_EMPNTC$;Emplois non statutaires C;ES_S0507$;NT - Professeur de musique
FS_EMPLNONST;EMPLOIS COMMUNAUX;CE_EMPNTC$;Emplois non statutaires C;ES_S0516$;NT - Directeur harmonie ecole musique
FS_EMPLNONST;EMPLOIS COMMUNAUX;CE_EMPNTC$;Emplois non statutaires C;ES_S0517$;NT - Sous directeur harmonie ecole musique
FS_EMPLNONST;EMPLOIS COMMUNAUX;CE_EMPNTC$;Emplois non statutaires C;ES_S0541$;NT - Professeur d anglais
FS_EMPLNONST;EMPLOIS COMMUNAUX;CE_EMPNTC$;Emplois non statutaires C;ES_S0547$;NT - Adjoint d' Enseignement musical (b)
FS_EMPLNONST;EMPLOIS COMMUNAUX;CE_EMPNTC$;Emplois non statutaires C;ES_S0576$;NT - Professeur de danse (ass E5)
FS_EMPLNONST;EMPLOIS COMMUNAUX;CE_EMPNTC$;Emplois non statutaires C;ES_S0581$;NT - Animatrice de danse moderne
FS_EMPLNONST;EMPLOIS COMMUNAUX;CE_EMPNTC$;Emplois non statutaires C;ES_S0712$;NT - Animateur de rue
FS_EMPLNONST;EMPLOIS COMMUNAUX;CE_EMPNTC$;Emplois non statutaires C;ES_S0714$;NT - Animateur (SECLIN)
FS_EMPLNONST;EMPLOIS COMMUNAUX;CE_EMPNTC$;Emplois non statutaires C;ES_S0717$;NT - Animateur au C.A.J.
FS_EMPLNONST;EMPLOIS COMMUNAUX;CE_EMPNTC$;Emplois non statutaires C;ES_S0722$;NT - Animateur ecoles municipales
FS_EMPLNONST;EMPLOIS COMMUNAUX;CE_EMPNTC$;Emplois non statutaires C;ES_S0732$;NT - Secretaire developpement social urbain
FS_EMPLNONST;EMPLOIS COMMUNAUX;CE_EMPNTC$;Emplois non statutaires C;ES_S0733$;NT - Animateur en prevention precoce social
FS_EMPLNONST;EMPLOIS COMMUNAUX;CE_EMPNTC$;Emplois non statutaires C;ES_S0734$;NT - Animatrice centre social
FS_EMPLNONST;EMPLOIS COMMUNAUX;CE_EMPNTC$;Emplois non statutaires C;ES_S0747$;NT - Responsable cellule emploi
FS_EMPLNONST;EMPLOIS COMMUNAUX;CE_EMPNTC$;Emplois non statutaires C;ES_S0770$;NT - Responsable garderie periscolaire
FS_EMPLNONST;EMPLOIS COMMUNAUX;CE_EMPNTC$;Emplois non statutaires C;ES_S0771$;NT - Agent d encadrement periscolaire
FS_EMPLNONST;EMPLOIS COMMUNAUX;CE_EMPNTC$;Emplois non statutaires C;ES_S1442$;NT - Ecogarde
FS_EMPLNONST;EMPLOIS COMMUNAUX;CE_EMPNTHC$;Emplois non statutaires Hors Catégorie;ESS0018$;NT - Référent généraliste de parcours
FS_EMPLNONST;EMPLOIS COMMUNAUX;CE_EMPNTHC$;Emplois non statutaires Hors Catégorie;ESS0019$;NT - Chargé des services de proximité
FS_EMPLNONST;EMPLOIS COMMUNAUX;CE_EMPNTHC$;Emplois non statutaires Hors Catégorie;ESS0020$;NT - Médiateur Culturel
FS_EMPLNONST;EMPLOIS COMMUNAUX;CE_EMPNTHC$;Emplois non statutaires Hors Catégorie;ESS0021$;NT - Prévention Jeunesse
FS_EMPLNONST;EMPLOIS COMMUNAUX;CE_EMPNTHC$;Emplois non statutaires Hors Catégorie;ESS0025$;NT - Référent du dispositif de réussite éducative
FS_EMPLNONST;EMPLOIS COMMUNAUX;CE_EMPNTHC$;Emplois non statutaires Hors Catégorie;ESS0026$;NT - Intervenant en anglais
FS_EMPLNONST;EMPLOIS COMMUNAUX;CE_EMPNTHC$;Emplois non statutaires Hors Catégorie;ESS0033$;NT - Chargé de communication
FS_EMPLNONST;EMPLOIS COMMUNAUX;CE_EMPNTHC$;Emplois non statutaires Hors Catégorie;ESS0034$;NT - Référent généraliste de parcours
FS_EMPLNONST;EMPLOIS COMMUNAUX;CE_EMPNTHC$;Emplois non statutaires Hors Catégorie;ESS0035$;NT - Photographe
FS_EMPLNONST;EMPLOIS COMMUNAUX;CE_EMPNTHC$;Emplois non statutaires Hors Catégorie;ESS0041$;NT - Agent de développement local CUCS
FS_EMPLNONST;EMPLOIS COMMUNAUX;CE_EMPNTHC$;Emplois non statutaires Hors Catégorie;ESS0042$;NT - Economiste de la construction
FS_EMPLNONST;EMPLOIS COMMUNAUX;CE_EMPNTHC$;Emplois non statutaires Hors Catégorie;ESS0043$;NT - Responsable informatique
FS_EMPLNONST;EMPLOIS COMMUNAUX;CE_EMPNTHC$;Emplois non statutaires Hors Catégorie;ESS0044$;NT - Référent généraliste de parcours
FS_EMPLNONST;EMPLOIS COMMUNAUX;CE_EMPNTHC$;Emplois non statutaires Hors Catégorie;ESS0045$;NT - Animateur cyber-base
FS_EMPLNONST;EMPLOIS COMMUNAUX;CE_EMPNTHC$;Emplois non statutaires Hors Catégorie;ESS0046$;NT - Référent généraliste de parcours
FS_EMPLNONST;EMPLOIS COMMUNAUX;CE_EMPNTHC$;Emplois non statutaires Hors Catégorie;ESS0047$;NT - Directeur
FS_EMPLNONST;EMPLOIS COMMUNAUX;CE_EMPNTHC$;Emplois non statutaires Hors Catégorie;ESS0049$;NT - Manager de centre ville
FS_EMPLNONST;EMPLOIS COMMUNAUX;CE_EMPNTHC$;Emplois non statutaires Hors Catégorie;ESS0053$;NT - Conseiller animations culturelles et festives
FS_EMPLNONST;EMPLOIS COMMUNAUX;CE_EMPNTHC$;Emplois non statutaires Hors Catégorie;ESS0054$;NT - Infographiste/Maquettiste
FS_EMPLNONST;EMPLOIS COMMUNAUX;CE_EMPNTHC$;Emplois non statutaires Hors Catégorie;ESS0057$;NT - Animatrice halte-garderie
FS_EMPLNONST;EMPLOIS COMMUNAUX;CE_EMPNTHC$;Emplois non statutaires Hors Catégorie;ESS0058$;NT - Animatrice halte-garderie
FS_EMPLNONST;EMPLOIS COMMUNAUX;CE_EMPNTHC$;Emplois non statutaires Hors Catégorie;ESS0059$;NT - Chargé de mission informatique
FS_EMPLNONST;EMPLOIS COMMUNAUX;CE_EMPNTHC$;Emplois non statutaires Hors Catégorie;ESS0072$;NT - Psychomotricienne de la politique de la ville
FS_EMPLNONST;EMPLOIS COMMUNAUX;CE_EMPNTHC$;Emplois non statutaires Hors Catégorie;ESS0078$;NT - Agent de développement local
FS_EMPLNONST;EMPLOIS COMMUNAUX;CE_EMPNTHC$;Emplois non statutaires Hors Catégorie;ESS0079$;NT - Chef de projet
FS_EMPLNONST;EMPLOIS COMMUNAUX;CE_EMPNTHC$;Emplois non statutaires Hors Catégorie;ESS0082$;NT - Secrétaire administratif
FS_EMPLNONST;EMPLOIS COMMUNAUX;CE_EMPNTHC$;Emplois non statutaires Hors Catégorie;ESS0091$;NT - Assistante au chef de projet CUCS
FS_EMPLNONST;EMPLOIS COMMUNAUX;CE_EMPNTHC$;Emplois non statutaires Hors Catégorie;ESS0094$;NT - Responsable de la restauration collective
FS_EMPLNONST;EMPLOIS COMMUNAUX;CE_EMPNTHC$;Emplois non statutaires Hors Catégorie;ESS0097$;NT - Référent généraliste de parcours
FS_EMPLNONST;EMPLOIS COMMUNAUX;CE_EMPNTHC$;Emplois non statutaires Hors Catégorie;ESS0098$;NT - Chargé de mission Brigade Verte
FS_EMPLNONST;EMPLOIS COMMUNAUX;CE_EMPNTHC$;Emplois non statutaires Hors Catégorie;ES_S0100$;NT - Chargé de mission
FS_EMPLNONST;EMPLOIS COMMUNAUX;CE_EMPNTHC$;Emplois non statutaires Hors Catégorie;ESS0100$;NT - Concepteur Infographiste
FS_EMPLNONST;EMPLOIS COMMUNAUX;CE_EMPNTHC$;Emplois non statutaires Hors Catégorie;ESS0101$;NT - Responsable communication
FS_EMPLNONST;EMPLOIS COMMUNAUX;CE_EMPNTHC$;Emplois non statutaires Hors Catégorie;ESS0102$;NT - Directeur du projet de renouvellement urbain
FS_EMPLNONST;EMPLOIS COMMUNAUX;CE_EMPNTHC$;Emplois non statutaires Hors Catégorie;ESS0103$;NT - Responsable de patrimoine immobilier
FS_EMPLNONST;EMPLOIS COMMUNAUX;CE_EMPNTHC$;Emplois non statutaires Hors Catégorie;ESS0104$;NT - Responsable du service culturel
FS_EMPLNONST;EMPLOIS COMMUNAUX;CE_EMPNTHC$;Emplois non statutaires Hors Catégorie;ESS0111$;NT - Directrice de l'Emploi et de l'Insertion Prof
FS_EMPLNONST;EMPLOIS COMMUNAUX;CE_EMPNTHC$;Emplois non statutaires Hors Catégorie;ESS0116$;NT - Référent généraliste de parcours
FS_EMPLNONST;EMPLOIS COMMUNAUX;CE_EMPNTHC$;Emplois non statutaires Hors Catégorie;ESS0118$;NT - Chef de projet
FS_EMPLNONST;EMPLOIS COMMUNAUX;CE_EMPNTHC$;Emplois non statutaires Hors Catégorie;ESS0119$;NT - Secrétaire assistante
FS_EMPLNONST;EMPLOIS COMMUNAUX;CE_EMPNTHC$;Emplois non statutaires Hors Catégorie;ESS0120$;NT - Projectionniste
FS_EMPLNONST;EMPLOIS COMMUNAUX;CE_EMPNTHC$;Emplois non statutaires Hors Catégorie;ES_S0124$;NT - Agent de développement
FS_EMPLNONST;EMPLOIS COMMUNAUX;CE_EMPNTHC$;Emplois non statutaires Hors Catégorie;ESS0125$;NT - Formateur technique
FS_EMPLNONST;EMPLOIS COMMUNAUX;CE_EMPNTHC$;Emplois non statutaires Hors Catégorie;ESS0129$;NT - Ambassadeur du Tri
FS_EMPLNONST;EMPLOIS COMMUNAUX;CE_EMPNTHC$;Emplois non statutaires Hors Catégorie;ESS0130$;NT - Chargé Environnement
FS_EMPLNONST;EMPLOIS COMMUNAUX;CE_EMPNTHC$;Emplois non statutaires Hors Catégorie;ESS0131$;NT - Formateur technique
FS_EMPLNONST;EMPLOIS COMMUNAUX;CE_EMPNTHC$;Emplois non statutaires Hors Catégorie;ESS0138$;NT - Formateur technique
FS_EMPLNONST;EMPLOIS COMMUNAUX;CE_EMPNTHC$;Emplois non statutaires Hors Catégorie;ESS0139$;NT - Photographe reporter
FS_EMPLNONST;EMPLOIS COMMUNAUX;CE_EMPNTHC$;Emplois non statutaires Hors Catégorie;ESS0140$;NT - Chargé du suivi administratif et financier
FS_EMPLNONST;EMPLOIS COMMUNAUX;CE_EMPNTHC$;Emplois non statutaires Hors Catégorie;ESS0141$;NT - Chargé de mission gestion urb. de proximité
FS_EMPLNONST;EMPLOIS COMMUNAUX;CE_EMPNTHC$;Emplois non statutaires Hors Catégorie;ESS0143$;NT - Agent de développement économique
FS_EMPLNONST;EMPLOIS COMMUNAUX;CE_EMPNTHC$;Emplois non statutaires Hors Catégorie;ESS0144$;NT - Animatrice RAM LAEP
FS_EMPLNONST;EMPLOIS COMMUNAUX;CE_EMPNTHC$;Emplois non statutaires Hors Catégorie;ESS0145$;NT - Agent de développement
FS_EMPLNONST;EMPLOIS COMMUNAUX;CE_EMPNTHC$;Emplois non statutaires Hors Catégorie;ESS0146$;NT - Directrice du LFR Carrefour de l'Amitié
FS_EMPLNONST;EMPLOIS COMMUNAUX;CE_EMPNTHC$;Emplois non statutaires Hors Catégorie;ESS0147$;NT - Encadrant social pour le suivi des Rmistes
FS_EMPLNONST;EMPLOIS COMMUNAUX;CE_EMPNTHC$;Emplois non statutaires Hors Catégorie;ESS0148$;NT - Coordonnateur FISAC
FS_EMPLNONST;EMPLOIS COMMUNAUX;CE_EMPNTHC$;Emplois non statutaires Hors Catégorie;ESS0151$;NT - Référent généraliste de parcours/RSA
FS_EMPLNONST;EMPLOIS COMMUNAUX;CE_EMPNTHC$;Emplois non statutaires Hors Catégorie;ESS0152$;NT - Chargé de Mission Prévention Jeunesse
FS_EMPLNONST;EMPLOIS COMMUNAUX;CE_EMPNTHC$;Emplois non statutaires Hors Catégorie;ESS0153$;NT - Responsable valorisation des déchets
FS_EMPLNONST;EMPLOIS COMMUNAUX;CE_EMPNTHC$;Emplois non statutaires Hors Catégorie;ESS0154$;NT - Responsable du service finances
FS_EMPLNONST;EMPLOIS COMMUNAUX;CE_EMPNTHC$;Emplois non statutaires Hors Catégorie;ESS0155$;NT - Agent de développement
FS_EMPLNONST;EMPLOIS COMMUNAUX;CE_EMPNTHC$;Emplois non statutaires Hors Catégorie;ESS0158$;NT - Directeur de centre social
FS_EMPLNONST;EMPLOIS COMMUNAUX;CE_EMPNTHC$;Emplois non statutaires Hors Catégorie;ESS0159$;NT - Directeur de centre socio culturel
FS_EMPLNONST;EMPLOIS COMMUNAUX;CE_EMPNTHC$;Emplois non statutaires Hors Catégorie;ESS0160$;NT - Photographe
FS_EMPLNONST;EMPLOIS COMMUNAUX;CE_EMPNTHC$;Emplois non statutaires Hors Catégorie;ESS0162$;NT - Chargé de mission Plan Climat Territorial/Env
FS_EMPLNONST;EMPLOIS COMMUNAUX;CE_EMPNTHC$;Emplois non statutaires Hors Catégorie;ESS0164$;NT - Agent de développement local
FS_EMPLNONST;EMPLOIS COMMUNAUX;CE_EMPNTHC$;Emplois non statutaires Hors Catégorie;ESS0167$;NT - Formatrice en Enseignement Général
FS_EMPLNONST;EMPLOIS COMMUNAUX;CE_EMPNTHC$;Emplois non statutaires Hors Catégorie;ESS0168$;NT - Directrice pédagogique
FS_EMPLNONST;EMPLOIS COMMUNAUX;CE_EMPNTHC$;Emplois non statutaires Hors Catégorie;ESS0170$;NT - Chargé de mission à la sécurité
FS_EMPLNONST;EMPLOIS COMMUNAUX;CE_EMPNTHC$;Emplois non statutaires Hors Catégorie;ESS0177$;NT - Agent de développement CUCS
FS_EMPLNONST;EMPLOIS COMMUNAUX;CE_EMPNTHC$;Emplois non statutaires Hors Catégorie;ESS0178$;NT - Formateur/Coordinateur socio économique
FS_EMPLNONST;EMPLOIS COMMUNAUX;CE_EMPNTHC$;Emplois non statutaires Hors Catégorie;ESS0183$;NT - Agent de développement
FS_EMPLNONST;EMPLOIS COMMUNAUX;CE_EMPNTHC$;Emplois non statutaires Hors Catégorie;ESS0184$;NT - Attaché de presse
FS_EMPLNONST;EMPLOIS COMMUNAUX;CE_EMPNTHC$;Emplois non statutaires Hors Catégorie;ESS0185$;NT - Directeur du Centre de Formation
FS_EMPLNONST;EMPLOIS COMMUNAUX;CE_EMPNTHC$;Emplois non statutaires Hors Catégorie;ESS0186$;NT - Responsable de Formation
FS_EMPLNONST;EMPLOIS COMMUNAUX;CE_EMPNTHC$;Emplois non statutaires Hors Catégorie;ESS0187$;NT - Formatrice
FS_EMPLNONST;EMPLOIS COMMUNAUX;CE_EMPNTHC$;Emplois non statutaires Hors Catégorie;ESS0188$;NT - Agent de développement
FS_EMPLNONST;EMPLOIS COMMUNAUX;CE_EMPNTHC$;Emplois non statutaires Hors Catégorie;ESS0189$;NT - Référent généraliste de parcours
FS_EMPLNONST;EMPLOIS COMMUNAUX;CE_EMPNTHC$;Emplois non statutaires Hors Catégorie;ESS0190$;NT - Référent généraliste de parcours RMI
FS_EMPLNONST;EMPLOIS COMMUNAUX;CE_EMPNTHC$;Emplois non statutaires Hors Catégorie;ESS0191$;NT - Chargé de mission dév. urbains et logements
FS_EMPLNONST;EMPLOIS COMMUNAUX;CE_EMPNTHC$;Emplois non statutaires Hors Catégorie;ESS0192$;NT - Coordinateur du DRE
FS_EMPLNONST;EMPLOIS COMMUNAUX;CE_EMPNTHC$;Emplois non statutaires Hors Catégorie;ES_S0431$;NT - Pediatre
FS_EMPLNONST;EMPLOIS COMMUNAUX;CE_EMPNTHC$;Emplois non statutaires Hors Catégorie;ES_S0432$;NT - Dieteticen(ne)
FS_EMPLNONST;EMPLOIS COMMUNAUX;CE_EMPSPEA$;Emplois spécifiques  A;ES_S0429$;A - ES - Direct ccas 20 a 40 (ass att1 - croix)
FS_EMPLNONST;EMPLOIS COMMUNAUX;CE_EMPSPEA$;Emplois spécifiques  A;ES_S049D$;DET - Médecin CF départemental
FS_EMPLNONST;EMPLOIS COMMUNAUX;CE_EMPSPEA$;Emplois spécifiques  A;ES_S0502$;A - ES - Directeur école de musique
FS_EMPLNONST;EMPLOIS COMMUNAUX;CE_EMPSPEA$;Emplois spécifiques  A;ES_S0529$;A - ES - Directeur école mus (ass dir rc nle -10)
FS_EMPLNONST;EMPLOIS COMMUNAUX;CE_EMPSPEA$;Emplois spécifiques  A;ES_S0567$;A - ES - Professeur de musique
FS_EMPLNONST;EMPLOIS COMMUNAUX;CE_EMPSPEA$;Emplois spécifiques  A;ES_S0591$;A - ES - Professeur conserv mus (ass profen ss abat)
FS_EMPLNONST;EMPLOIS COMMUNAUX;CE_EMPSPEA$;Emplois spécifiques  A;ES_S0610$;A - ES - Directeur serv sports (as cf spo pa)
FS_EMPLNONST;EMPLOIS COMMUNAUX;CE_EMPSPEA$;Emplois spécifiques  A;ES_S1404$;A - ES - Inspecteur
FS_EMPLNONST;EMPLOIS COMMUNAUX;CE_EMPSPEB$;Emplois spécifiques  B;ES_S010B$;B - EC - Secretaire de mairie institeur
FS_EMPLNONST;EMPLOIS COMMUNAUX;CE_EMPSPEB$;Emplois spécifiques  B;ES_S0107$;B - ES - Resp Adm contrôle fonct machines
FS_EMPLNONST;EMPLOIS COMMUNAUX;CE_EMPSPEB$;Emplois spécifiques  B;ES_S0108$;B - ES - Resp. Adm. contrôle fonct machines
FS_EMPLNONST;EMPLOIS COMMUNAUX;CE_EMPSPEB$;Emplois spécifiques  B;ES_S0114$;B - ES - Directeur des restaurants municipaux
FS_EMPLNONST;EMPLOIS COMMUNAUX;CE_EMPSPEB$;Emplois spécifiques  B;ES_S0119$;B - ES - Directeur serv info (ass chef bur 10 à 40.000 hab)
FS_EMPLNONST;EMPLOIS COMMUNAUX;CE_EMPSPEB$;Emplois spécifiques  B;ES_S0145$;B - ES - Chargé de mission TETEGHEM
FS_EMPLNONST;EMPLOIS COMMUNAUX;CE_EMPSPEB$;Emplois spécifiques  B;ES_S0149$;B - ES - Chef comptable (annoeul ass SG 2 a 5)
FS_EMPLNONST;EMPLOIS COMMUNAUX;CE_EMPSPEB$;Emplois spécifiques  B;ES_S0177$;B - ES - Responsable de l'action jeunesse LEERS
FS_EMPLNONST;EMPLOIS COMMUNAUX;CE_EMPSPEB$;Emplois spécifiques  B;ES_S0186$;B - ES - Secrétaire général adjoint (ass SGA 2a 5)
FS_EMPLNONST;EMPLOIS COMMUNAUX;CE_EMPSPEB$;Emplois spécifiques  B;ES_S0409$;B - ES - Directeur CCAS
FS_EMPLNONST;EMPLOIS COMMUNAUX;CE_EMPSPEB$;Emplois spécifiques  B;ES_S0413$;B - ES - Directeur CCAS -10 000 Habitants
FS_EMPLNONST;EMPLOIS COMMUNAUX;CE_EMPSPEB$;Emplois spécifiques  B;ES_S0414$;B - ES - Directeur CCAS 10 a 20 000 Habitants
FS_EMPLNONST;EMPLOIS COMMUNAUX;CE_EMPSPEB$;Emplois spécifiques  B;ES_S0438$;B - ES - Directeur logements foyers médicalisés
FS_EMPLNONST;EMPLOIS COMMUNAUX;CE_EMPSPEB$;Emplois spécifiques  B;ES_S0470$;B - ES - Directrice de 4eme classe (F.P.H.)
FS_EMPLNONST;EMPLOIS COMMUNAUX;CE_EMPSPEB$;Emplois spécifiques  B;ES_S0505$;B - ES - Professeur de danse
FS_EMPLNONST;EMPLOIS COMMUNAUX;CE_EMPSPEB$;Emplois spécifiques  B;ES_S0510$;B - ES - Professeur de Musique F.THU.
FS_EMPLNONST;EMPLOIS COMMUNAUX;CE_EMPSPEB$;Emplois spécifiques  B;ES_S0512$;B - ES - Professeur de musique F.THUM.
FS_EMPLNONST;EMPLOIS COMMUNAUX;CE_EMPSPEB$;Emplois spécifiques  B;ES_S0528$;B - ES - Professeur de musique RONCQ
FS_EMPLNONST;EMPLOIS COMMUNAUX;CE_EMPSPEB$;Emplois spécifiques  B;ES_S0530$;B - ES - Directeur centre culturel
FS_EMPLNONST;EMPLOIS COMMUNAUX;CE_EMPSPEB$;Emplois spécifiques  B;ES_S0536$;B - ES - Direct. musique L.L.LANNOY(ass.denm -10)
FS_EMPLNONST;EMPLOIS COMMUNAUX;CE_EMPSPEB$;Emplois spécifiques  B;ES_S0543$;B - ES - Professeur de musique (ST-AMAND-LES-EAUX)
FS_EMPLNONST;EMPLOIS COMMUNAUX;CE_EMPSPEB$;Emplois spécifiques  B;ES_S0551$;B - ES - Professeur de musique (ST-AMAND-LES-EAUX)
FS_EMPLNONST;EMPLOIS COMMUNAUX;CE_EMPSPEB$;Emplois spécifiques  B;ES_S0562$;B - ES - Professeur ecole musique (-25%)
FS_EMPLNONST;EMPLOIS COMMUNAUX;CE_EMPSPEB$;Emplois spécifiques  B;ES_S0563$;B - ES - Professeur ecole musique (-15%)
FS_EMPLNONST;EMPLOIS COMMUNAUX;CE_EMPSPEB$;Emplois spécifiques  B;ES_S0564$;B - ES - Professeur école musique (-30%)
FS_EMPLNONST;EMPLOIS COMMUNAUX;CE_EMPSPEB$;Emplois spécifiques  B;ES_S0566$;B - ES - Professeur ecole musique (-20%)
FS_EMPLNONST;EMPLOIS COMMUNAUX;CE_EMPSPEB$;Emplois spécifiques  B;ES_S0592$;B - ES - Adjoint enseignement musicale
FS_EMPLNONST;EMPLOIS COMMUNAUX;CE_EMPSPEB$;Emplois spécifiques  B;ES_S0595$;B - ES - Professeur musique AB 40% Marquette
FS_EMPLNONST;EMPLOIS COMMUNAUX;CE_EMPSPEB$;Emplois spécifiques  B;ES_S0600$;B - ES - Responsable coordinat instal sport
FS_EMPLNONST;EMPLOIS COMMUNAUX;CE_EMPSPEB$;Emplois spécifiques  B;ES_S0622$;B - EC - Moniteur chef F.THUM
FS_EMPLNONST;EMPLOIS COMMUNAUX;CE_EMPSPEB$;Emplois spécifiques  B;ES_S1411$;B - ES - Contrôleur principal
FS_EMPLNONST;EMPLOIS COMMUNAUX;CE_EMPSPEB$;Emplois spécifiques  B;ES_S1412$;B - ES - Contrôleur divisionnaire
FS_EMPLNONST;EMPLOIS COMMUNAUX;CE_EMPSPEC$;Emplois spécifiques  C;ES_S010A$;C - ES - Agent resp paye (ass gr VI)
FS_EMPLNONST;EMPLOIS COMMUNAUX;CE_EMPSPEC$;Emplois spécifiques  C;ES_S010C$;"C - ES - Secrét. admin. (ass gr VI mus"")"""
FS_EMPLNONST;EMPLOIS COMMUNAUX;CE_EMPSPEC$;Emplois spécifiques  C;ES_S0117$;C - ES - Responsable service information
FS_EMPLNONST;EMPLOIS COMMUNAUX;CE_EMPSPEC$;Emplois spécifiques  C;ES_S0157$;C - ES - Conservateur de cimetière
FS_EMPLNONST;EMPLOIS COMMUNAUX;CE_EMPSPEC$;Emplois spécifiques  C;ES_S0160$;C - ES - Resp gestion inform - formation perso
FS_EMPLNONST;EMPLOIS COMMUNAUX;CE_EMPSPEC$;Emplois spécifiques  C;ES_S0161$;C - ES - Prepose service informatique (ass E5)
FS_EMPLNONST;EMPLOIS COMMUNAUX;CE_EMPSPEC$;Emplois spécifiques  C;ES_S0166$;C - ES - Responsable actions logement social
FS_EMPLNONST;EMPLOIS COMMUNAUX;CE_EMPSPEC$;Emplois spécifiques  C;ES_S0168$;C - ES - Secrétaire general adjoint
FS_EMPLNONST;EMPLOIS COMMUNAUX;CE_EMPSPEC$;Emplois spécifiques  C;ES_S0324$;C - ES - Formateur en sécurite routière
FS_EMPLNONST;EMPLOIS COMMUNAUX;CE_EMPSPEC$;Emplois spécifiques  C;ES_S0400$;C - ES - Directeur Foyer Logement (ass. Dir. Crèche)
FS_EMPLNONST;EMPLOIS COMMUNAUX;CE_EMPSPEC$;Emplois spécifiques  C;ES_S0460$;C - ES - Secretaire sociale specialisee
FS_EMPLNONST;EMPLOIS COMMUNAUX;CE_EMPSPEC$;Emplois spécifiques  C;ES_S0479$;C - ES - Monitrice (ass. aux. puer. E3)
FS_EMPLNONST;EMPLOIS COMMUNAUX;CE_EMPSPEC$;Emplois spécifiques  C;ES_S0481$;C - ES - Aide soignant(e) (E.I. diff)
FS_EMPLNONST;EMPLOIS COMMUNAUX;CE_EMPSPEC$;Emplois spécifiques  C;ES_S0483$;C - ES - Aide soignant(e) (E.I. diff)
FS_EMPLNONST;EMPLOIS COMMUNAUX;CE_EMPSPEC$;Emplois spécifiques  C;ES_S0484$;C - EC - Auxiliaire de Puériculture (E2)
FS_EMPLNONST;EMPLOIS COMMUNAUX;CE_EMPSPEC$;Emplois spécifiques  C;ES_S0496$;C - EC - Monitrice jardin d 'enfants
FS_EMPLNONST;EMPLOIS COMMUNAUX;CE_EMPSPEC$;Emplois spécifiques  C;ES_S0503$;C - ES - Directeur ecole musique LEFRINCK.
FS_EMPLNONST;EMPLOIS COMMUNAUX;CE_EMPSPEC$;Emplois spécifiques  C;ES_S0538$;C - ES - Professeur de musique LEFRINCK.
FS_EMPLNONST;EMPLOIS COMMUNAUX;CE_EMPSPEC$;Emplois spécifiques  C;ES_S0539$;C - ES - Adjoint enseignement musical LEFRINCK.
FS_EMPLNONST;EMPLOIS COMMUNAUX;CE_EMPSPEC$;Emplois spécifiques  C;ES_S0614$;C - ES - Resp. serv. sports (ass. monit cf)
FS_EMPLNONST;EMPLOIS COMMUNAUX;CE_EMPSPEC$;Emplois spécifiques  C;ES_S0621$;C - ES - SS Directeur de piscine (ass. monit. cf)
FS_EMPLNONST;EMPLOIS COMMUNAUX;CE_EMPSPEC$;Emplois spécifiques  C;ES_S0702$;C - ES - Directrice centres éducatifs
FS_EMPLNONST;EMPLOIS COMMUNAUX;CE_EMPSPEC$;Emplois spécifiques  C;ES_S0704$;C - ES - Directrice maison de l animation
FS_EMPLNONST;EMPLOIS COMMUNAUX;CE_EMPSPEC$;Emplois spécifiques  C;ES_S0710$;C - ES - Animatrice centre de vacances
FS_EMPLNONST;EMPLOIS COMMUNAUX;CE_EMPSPEC$;Emplois spécifiques  C;ES_S0719$;C - ES - Animatrice cent. éduc. (ass agt adm qua)
FS_EMPLNONST;EMPLOIS COMMUNAUX;CE_EMPSPEC$;Emplois spécifiques  C;ES_S0791$;C - ES - Directrice gérontologie
FS_EMPLNONST;EMPLOIS COMMUNAUX;CE_EMPSPEC$;Emplois spécifiques  C;ES_S1410$;C - ES - Contrôleur de transmission
FS_EMPLNONST;EMPLOIS COMMUNAUX;CE_EMPSPEC$;Emplois spécifiques  C;ES_S1610$;C - ES - Cuisinier gestionnaire de la restauration municipale
FS_EMPLNONST;EMPLOIS COMMUNAUX;CE_FILADM;Emplois assimilés à la filière administrative;EM_INTCON$;Intervenant Concours
FS_EMPLNONST;EMPLOIS COMMUNAUX;CE_FILADM;Emplois assimilés à la filière administrative;EM_NON181;Collaborateur de cabinet
FS_EMPLNONST;EMPLOIS COMMUNAUX;CE_FILADM;Emplois assimilés à la filière administrative;GR_ADM033;Directeur adjoint 40 à 150.000 hab.
FS_EMPLNONST;EMPLOIS COMMUNAUX;CE_FILCUL;Emplois assimilés à la filière culturelle;EM_NON103;Gardien de bibliothèque (E1)
FS_EMPLNONST;EMPLOIS COMMUNAUX;CE_FILMED;Emplois assimilés à la filière médico-sociale;EM_MED026;Aide de service radiologie
FS_EMPLNONST;EMPLOIS COMMUNAUX;CE_FILMED;Emplois assimilés à la filière médico-sociale;EM_MED026C;Aide de service radiologie (CHEV.)
FS_EMPLNONST;EMPLOIS COMMUNAUX;CE_FILTEC;Emplois assimilés à la filière technique;EM_NON001;Agent d'entretien étranger
FS_EMPLNONST;EMPLOIS COMMUNAUX;CE_FILTEC;Emplois assimilés à la filière technique;EM_NON002;Agent de salubrité étranger
FS_EMPLNONST;EMPLOIS COMMUNAUX;CE_FILTEC;Emplois assimilés à la filière technique;EM_NON010;Gardien de cimetière
FS_EMPLNONST;EMPLOIS COMMUNAUX;CE_FILTEC;Emplois assimilés à la filière technique;EM_NON176;Homme d'équipe
FS_EMPLNONST;EMPLOIS COMMUNAUX;CE_FILTEC;Emplois assimilés à la filière technique;EM_NON176C;Homme d'équipe (CHEV.)
FS_EMPLNONST;EMPLOIS COMMUNAUX;CE_FILTEC;Emplois assimilés à la filière technique;EM_NON179;Chef de section
FS_EMPLNONST;EMPLOIS COMMUNAUX;CE_FILTEC;Emplois assimilés à la filière technique;EM_NON180;Chef de section principal
FS_EMPLNONST;EMPLOIS COMMUNAUX;CE_RECENSE$;Recenseurs;EM_RECENSE$;Recenseur
FS_EMPLNONST;EMPLOIS COMMUNAUX;CONTRAT_EMP$;CONTRATS EMPLOIS;EM_CA$;Contrat d'avenir
FS_EMPLNONST;EMPLOIS COMMUNAUX;CONTRAT_EMP$;CONTRATS EMPLOIS;EM_CAE$;Contrat d'accompagnement dans l'emploi
FS_EMPLNONST;EMPLOIS COMMUNAUX;CONTRAT_EMP$;CONTRATS EMPLOIS;EM_CEC$;C.E.C.
FS_EMPLNONST;EMPLOIS COMMUNAUX;CONTRAT_EMP$;CONTRATS EMPLOIS;EM_CEJ$;C.E.J.
FS_EMPLNONST;EMPLOIS COMMUNAUX;CONTRAT_EMP$;CONTRATS EMPLOIS;EM_CES$;C.E.S.
FS_EMPLNONST;EMPLOIS COMMUNAUX;CONTRAT_EMP$;CONTRATS EMPLOIS;EM_CEV$;C.E.V.
FS_EMPLNONST;EMPLOIS COMMUNAUX;CONTRAT_EMP$;CONTRATS EMPLOIS;EM_CUI$;Contrat Unique d'Insertion
FS_EMPLNONST;EMPLOIS COMMUNAUX;CONTRAT_EMP$;CONTRATS EMPLOIS;EM_PACTE$;Contrat Pacte
FS_MEDSOCIAL;Médico-Sociale;CE_AGESOCIAL;Agents sociaux territoriaux;GR_MED087;Agent social de 2ème classe
FS_MEDSOCIAL;Médico-Sociale;CE_AGESOCIAL;Agents sociaux territoriaux;GR_MED088;Agent social de 1ère classe
FS_MEDSOCIAL;Médico-Sociale;CE_AGESOCIAL;Agents sociaux territoriaux;GR_MED089;Agent social principal de 2ème classe
FS_MEDSOCIAL;Médico-Sociale;CE_AGESOCIAL;Agents sociaux territoriaux;GR_MED090;Agent social principal de 1ère classe
FS_MEDSOCIAL;Médico-Sociale;CE_ASEM;Agents territoriaux spécialisés des écoles maternelles;GR_MED091;Agent spécialisé des écoles maternelles de 2ème classe
FS_MEDSOCIAL;Médico-Sociale;CE_ASEM;Agents territoriaux spécialisés des écoles maternelles;GR_MED092;Agent spécialisé de 1ère classe des écoles maternelles
FS_MEDSOCIAL;Médico-Sociale;CE_ASEM;Agents territoriaux spécialisés des écoles maternelles;GR_MED093;Agent spécialisé principal de 2ème classe des écoles maternelles
FS_MEDSOCIAL;Médico-Sociale;CE_ASEM;Agents territoriaux spécialisés des écoles maternelles;GR_MED094;Agent spécialisé principal de 1ère classe des écoles maternelles
FS_MEDSOCIAL;Médico-Sociale;CE_ASSISTMT;Assistants territoriaux médico-techniques;GR_MED069;Assistant territorial médico-technique de classe normale
FS_MEDSOCIAL;Médico-Sociale;CE_ASSISTMT;Assistants territoriaux médico-techniques;GR_MED070;Assistant territorial médico-technique de classe supérieure
FS_MEDSOCIAL;Médico-Sociale;CE_ASSISTSE;Assistants territoriaux socio-éducatifs;GR_MED015;Assistant socio-éducatif
FS_MEDSOCIAL;Médico-Sociale;CE_ASSISTSE;Assistants territoriaux socio-éducatifs;GR_MED016;Assistant socio-éducatif principal
FS_MEDSOCIAL;Médico-Sociale;CE_AUXPUERIC;Auxiliaires de puériculture territoriaux;GR_MED095;Auxiliaire de puériculture
FS_MEDSOCIAL;Médico-Sociale;CE_AUXPUERIC;Auxiliaires de puériculture territoriaux;GR_MED096;Auxiliaire de puériculture de 1ère classe
FS_MEDSOCIAL;Médico-Sociale;CE_AUXPUERIC;Auxiliaires de puériculture territoriaux;GR_MED097;Auxiliaire de puériculture principal de 2ème classe
FS_MEDSOCIAL;Médico-Sociale;CE_AUXPUERIC;Auxiliaires de puériculture territoriaux;GR_MED098;Auxiliaire de puériculture principal de 1ère classe
FS_MEDSOCIAL;Médico-Sociale;CE_AUXSOINS;Auxiliaires de soins territoriaux;GR_MED099;Auxiliaire de soins
FS_MEDSOCIAL;Médico-Sociale;CE_AUXSOINS;Auxiliaires de soins territoriaux;GR_MED100;Auxiliaire de soins de 1ère classe
FS_MEDSOCIAL;Médico-Sociale;CE_AUXSOINS;Auxiliaires de soins territoriaux;GR_MED101;Auxiliaire de soins principal de 2ème classe
FS_MEDSOCIAL;Médico-Sociale;CE_AUXSOINS;Auxiliaires de soins territoriaux;GR_MED102;Auxiliaire de soins principal de 1ère classe
FS_MEDSOCIAL;Médico-Sociale;CE_BIOVETPHA;Biologistes, véterinaires et pharmaciens;GR_MED011;Biologiste, véterinaire ou pharmacien de 2ème classe
FS_MEDSOCIAL;Médico-Sociale;CE_BIOVETPHA;Biologistes, véterinaires et pharmaciens;GR_MED012;Biologiste, véterinaire ou pharmacien de 1ère classe
FS_MEDSOCIAL;Médico-Sociale;CE_BIOVETPHA;Biologistes, véterinaires et pharmaciens;GR_MED013;Biologiste, véterinaire ou pharmacien hors classe
FS_MEDSOCIAL;Médico-Sociale;CE_BIOVETPHA;Biologistes, véterinaires et pharmaciens;GR_MED014;Biologiste, véterinaire ou pharmacien de classe exceptionnelle
FS_MEDSOCIAL;Médico-Sociale;CE_CADSANTE;Infirmiers, rééducateurs, assistants médico-techniques cadres de santé;GR_MED079;Cadre de santé
FS_MEDSOCIAL;Médico-Sociale;CE_CONSEILSE;Conseillers territoriaux socio-éducatifs;GR_MED001;Conseiller socio-éducatif
FS_MEDSOCIAL;Médico-Sociale;CE_COORDCREC;Puéricultrices cadres territoriaux de santé;GR_MED074;Puéricultrice cadre de santé
FS_MEDSOCIAL;Médico-Sociale;CE_COORDCREC;Puéricultrices cadres territoriaux de santé;GR_MED075;Puéricultrice cadre supérieur de santé
FS_MEDSOCIAL;Médico-Sociale;CE_COORDCREC;Puéricultrices cadres territoriaux de santé;GR_MED076P;Coordinatrice terr étabts et services accueil des enfants de - 6 ans (PROV)
FS_MEDSOCIAL;Médico-Sociale;CE_EDUCJEUNE;Educateurs territoriaux de jeunes enfants;GR_MED020;Educateur de jeunes enfants
FS_MEDSOCIAL;Médico-Sociale;CE_EDUCJEUNE;Educateurs territoriaux de jeunes enfants;GR_MED021;Educateur principal de jeunes enfants
FS_MEDSOCIAL;Médico-Sociale;CE_EDUCJEUNE;Educateurs territoriaux de jeunes enfants;GR_MED021P;Educateur principal de jeunes enfants (PROV.)
FS_MEDSOCIAL;Médico-Sociale;CE_EDUCJEUNE;Educateurs territoriaux de jeunes enfants;GR_MED022;Educateur chef de jeunes enfants
FS_MEDSOCIAL;Médico-Sociale;CE_EDUCJEUNE;Educateurs territoriaux de jeunes enfants;GR_MED023;Educateur chef de jeunes enfants provisoire
FS_MEDSOCIAL;Médico-Sociale;CE_INFIRMIER;Infirmiers territoriaux;GR_MED065;Infirmier de classe normale
FS_MEDSOCIAL;Médico-Sociale;CE_INFIRMIER;Infirmiers territoriaux;GR_MED066;Infirmier de classe supérieure
FS_MEDSOCIAL;Médico-Sociale;CE_MEDECIN;Médecins territoriaux;GR_MED002;Médecin de 2ème classe
FS_MEDSOCIAL;Médico-Sociale;CE_MEDECIN;Médecins territoriaux;GR_MED003;Médecin de 1ère classe
FS_MEDSOCIAL;Médico-Sociale;CE_MEDECIN;Médecins territoriaux;GR_MED004;Médecin hors classe
FS_MEDSOCIAL;Médico-Sociale;CE_MONITEDUC;Moniteurs-éducateurs territoriaux;GR_MED024;Moniteur-éducateur
FS_MEDSOCIAL;Médico-Sociale;CE_PSYCHOLOG;Psychologues territoriaux;GR_MED005;Psychologue de classe normale
FS_MEDSOCIAL;Médico-Sociale;CE_PSYCHOLOG;Psychologues territoriaux;GR_MED006;Psychologue hors classe
FS_MEDSOCIAL;Médico-Sociale;CE_PUERICULT;Puéricultrices territoriales;GR_MED071;Puéricultrice de classe normale
FS_MEDSOCIAL;Médico-Sociale;CE_PUERICULT;Puéricultrices territoriales;GR_MED072;Puéricultrice de classe supérieure
FS_MEDSOCIAL;Médico-Sociale;CE_REEDUCATE;Rééducateurs territoriaux;GR_MED067;Rééducateur de classe normale
FS_MEDSOCIAL;Médico-Sociale;CE_REEDUCATE;Rééducateurs territoriaux;GR_MED068;Rééducateur de classe supérieure
FS_MEDSOCIAL;Médico-Sociale;CE_SAGEFEMME;Sages-femmes territoriales;GR_MED077;Sage-femme de classe normale
FS_MEDSOCIAL;Médico-Sociale;CE_SAGEFEMME;Sages-femmes territoriales;GR_MED078;Sage-femme de classe supérieure
FS_MEDSOCIAL;Médico-Sociale;CE_SAGEFEMME;Sages-femmes territoriales;GR_MED083;Sage-femme de classe exceptionnelle
FS_POLICEMUN;Police municipale;CE_AGEPOLICE;Agents de police municipale;GR_POL030;Gardien
FS_POLICEMUN;Police municipale;CE_AGEPOLICE;Agents de police municipale;GR_POL031;Brigadier
FS_POLICEMUN;Police municipale;CE_AGEPOLICE;Agents de police municipale;GR_POL032;Brigadier-chef principal
FS_POLICEMUN;Police municipale;CE_AGEPOLICE;Agents de police municipale;GR_POL033;Chef de police municipale
FS_POLICEMUN;Police municipale;CE_CHEFPOLIC;Chefs de service de police municipale;GR_POL012;Chef de service de police municipale de classe exceptionnelle
FS_POLICEMUN;Police municipale;CE_CHEFPOLIC;Chefs de service de police municipale;GR_POL060;Chef de service de police municipale de classe normale
FS_POLICEMUN;Police municipale;CE_CHEFPOLIC;Chefs de service de police municipale;GR_POL061;Chef de service de police municipale de classe supérieure
FS_POLICEMUN;Police municipale;CE_DIRPOL;Directeurs de police municipale;GR_POL034;Directeur de police municipale
FS_POLICEMUN;Police municipale;CE_GARDECHAM;Gardes champêtres;GR_POL014;Garde champêtre
FS_POLICEMUN;Police municipale;CE_GARDECHAM;Gardes champêtres;GR_POL015;Garde champêtre principal
FS_POLICEMUN;Police municipale;CE_GARDECHAM;Gardes champêtres;GR_POL016;Garde champêtre chef
FS_POLICEMUN;Police municipale;CE_GARDECHAM;Gardes champêtres;GR_POL017;Garde champêtre chef principal
FS_POMPIERS;Sapeurs-pompiers professionnels;CE_CAPCOMLIE;Capitaines, Commandants, Lieutenants-Colonels et Colonels;GR_POM026;Capitaine
FS_POMPIERS;Sapeurs-pompiers professionnels;CE_CAPCOMLIE;Capitaines, Commandants, Lieutenants-Colonels et Colonels;GR_POM027;Commandant
FS_POMPIERS;Sapeurs-pompiers professionnels;CE_CAPCOMLIE;Capitaines, Commandants, Lieutenants-Colonels et Colonels;GR_POM028;Lieutenant-Colonel
FS_POMPIERS;Sapeurs-pompiers professionnels;CE_CAPCOMLIE;Capitaines, Commandants, Lieutenants-Colonels et Colonels;GR_POM029;Colonel
FS_POMPIERS;Sapeurs-pompiers professionnels;CE_INFENCSAP;Infirmiers d'encadrement de sapeurs-pompiers professionnels;GR_POM040;Infirmier d'encadrement de sapeurs-pompiers professionnels
FS_POMPIERS;Sapeurs-pompiers professionnels;CE_INFSAP;Infirmiers de sapeurs-pompiers professionnels;GR_POM020;Infirmier chef  S.P
FS_POMPIERS;Sapeurs-pompiers professionnels;CE_INFSAP;Infirmiers de sapeurs-pompiers professionnels;GR_POM021;Infirmier principal S.P
FS_POMPIERS;Sapeurs-pompiers professionnels;CE_INFSAP;Infirmiers de sapeurs-pompiers professionnels;GR_POM022;Infirmier S.P
FS_POMPIERS;Sapeurs-pompiers professionnels;CE_MAJLIEUT;Majors et Lieutenants;GR_POM023;Lieutenant
FS_POMPIERS;Sapeurs-pompiers professionnels;CE_MAJLIEUT;Majors et Lieutenants;GR_POM023P;Lieutenant (PROV)
FS_POMPIERS;Sapeurs-pompiers professionnels;CE_MAJLIEUT;Majors et Lieutenants;GR_POM024;Major
FS_POMPIERS;Sapeurs-pompiers professionnels;CE_MEDPHSAP;Médecins et pharmaciens de sapeurs-pompiers professionnels;GR_POM016;Pharmacien de classe exceptionnel SP
FS_POMPIERS;Sapeurs-pompiers professionnels;CE_MEDPHSAP;Médecins et pharmaciens de sapeurs-pompiers professionnels;GR_POM017;Pharmacien hors classe SP
FS_POMPIERS;Sapeurs-pompiers professionnels;CE_MEDPHSAP;Médecins et pharmaciens de sapeurs-pompiers professionnels;GR_POM018;Pharmacien de 1er classe SP
FS_POMPIERS;Sapeurs-pompiers professionnels;CE_MEDPHSAP;Médecins et pharmaciens de sapeurs-pompiers professionnels;GR_POM019;Pharmacien de 2ème classe SP
FS_POMPIERS;Sapeurs-pompiers professionnels;CE_MEDPHSAP;Médecins et pharmaciens de sapeurs-pompiers professionnels;GR_POM031;Médecin de 2ème classe SP
FS_POMPIERS;Sapeurs-pompiers professionnels;CE_MEDPHSAP;Médecins et pharmaciens de sapeurs-pompiers professionnels;GR_POM032;Médecin de 1er classe SP
FS_POMPIERS;Sapeurs-pompiers professionnels;CE_MEDPHSAP;Médecins et pharmaciens de sapeurs-pompiers professionnels;GR_POM033;Médecin hors classe SP
FS_POMPIERS;Sapeurs-pompiers professionnels;CE_MEDPHSAP;Médecins et pharmaciens de sapeurs-pompiers professionnels;GR_POM034;Médecin de classe exceptionnel SP
FS_POMPIERS;Sapeurs-pompiers professionnels;CE_SPP;Sapeurs-pompiers professionnels non-officiers;GR_POM010;Caporal
FS_POMPIERS;Sapeurs-pompiers professionnels;CE_SPP;Sapeurs-pompiers professionnels non-officiers;GR_POM011;Sergent
FS_POMPIERS;Sapeurs-pompiers professionnels;CE_SPP;Sapeurs-pompiers professionnels non-officiers;GR_POM012;Adjudant
FS_POMPIERS;Sapeurs-pompiers professionnels;CE_SPP;Sapeurs-pompiers professionnels non-officiers;GR_POM013;Caporal avec appellation chef
FS_POMPIERS;Sapeurs-pompiers professionnels;CE_SPP;Sapeurs-pompiers professionnels non-officiers;GR_POM014;Sergent avec appellation chef
FS_POMPIERS;Sapeurs-pompiers professionnels;CE_SPP;Sapeurs-pompiers professionnels non-officiers;GR_POM015;Adjudant avec appellation chef
FS_POMPIERS;Sapeurs-pompiers professionnels;CE_SPP;Sapeurs-pompiers professionnels non-officiers;GR_POM030;Sapeur
FS_POMSPV;Sapeurs-pompiers volontaires;CE_SPVINF;Infirmier SPV;GR_SPVM01;Infirmier de sapeurs-pompiers volontaires
FS_POMSPV;Sapeurs-pompiers volontaires;CE_SPVINF;Infirmier SPV;GR_SPVM02;Infirmier principal de sapeurs-pompiers volontaires
FS_POMSPV;Sapeurs-pompiers volontaires;CE_SPVINF;Infirmier SPV;GR_SPVM03;Infirmier chef de sapeurs-pompiers volontaires
FS_POMSPV;Sapeurs-pompiers volontaires;CE_SPVMPV;SPV - Médecins, Vétérinaires, Pharmaciens;GR_SPVM10;Médecin capitaine de sapeurs-pompiers volontaires
FS_POMSPV;Sapeurs-pompiers volontaires;CE_SPVMPV;SPV - Médecins, Vétérinaires, Pharmaciens;GR_SPVM11;Médecin commandant de sapeurs-pompiers volontaires
FS_POMSPV;Sapeurs-pompiers volontaires;CE_SPVMPV;SPV - Médecins, Vétérinaires, Pharmaciens;GR_SPVM12;Médecin lieutenant-colonel de sapeurs-pompiers volontaires
FS_POMSPV;Sapeurs-pompiers volontaires;CE_SPVMPV;SPV - Médecins, Vétérinaires, Pharmaciens;GR_SPVM13;Médecin colonel de sapeurs-pompiers volontaires
FS_POMSPV;Sapeurs-pompiers volontaires;CE_SPVMPV;SPV - Médecins, Vétérinaires, Pharmaciens;GR_SPVM20;Pharmacien capitaine de sapeurs-pompiers volontaires
FS_POMSPV;Sapeurs-pompiers volontaires;CE_SPVMPV;SPV - Médecins, Vétérinaires, Pharmaciens;GR_SPVM21;Pharmacien commandant de sapeurs-pompiers volontaires
FS_POMSPV;Sapeurs-pompiers volontaires;CE_SPVMPV;SPV - Médecins, Vétérinaires, Pharmaciens;GR_SPVM22;Pharmacien lieutenant-colonel de sapeurs-pompiers volontaires
FS_POMSPV;Sapeurs-pompiers volontaires;CE_SPVMPV;SPV - Médecins, Vétérinaires, Pharmaciens;GR_SPVM23;Pharmacien colonel de sapeurs-pompiers volontaires
FS_POMSPV;Sapeurs-pompiers volontaires;CE_SPVMPV;SPV - Médecins, Vétérinaires, Pharmaciens;GR_SPVM30;Vétérinaire capitaine de sapeurs-pompiers volontaires
FS_POMSPV;Sapeurs-pompiers volontaires;CE_SPVMPV;SPV - Médecins, Vétérinaires, Pharmaciens;GR_SPVM31;Vétérinaire commandant de sapeurs-pompiers volontaires
FS_POMSPV;Sapeurs-pompiers volontaires;CE_SPVMPV;SPV - Médecins, Vétérinaires, Pharmaciens;GR_SPVM32;Vétérinaire lieutenant-colonel de sapeurs-pompiers volontaires
FS_POMSPV;Sapeurs-pompiers volontaires;CE_SPVMPV;SPV - Médecins, Vétérinaires, Pharmaciens;GR_SPVM33;Vétérinaire colonel de sapeurs-pompiers volontaires
FS_POMSPV;Sapeurs-pompiers volontaires;CE_SPVOFF;Officiers;GR_SPV020;Major de sapeur-pompier volontaire
FS_POMSPV;Sapeurs-pompiers volontaires;CE_SPVOFF;Officiers;GR_SPV021;Lieutenant de sapeur-pompier volontaire
FS_POMSPV;Sapeurs-pompiers volontaires;CE_SPVOFF;Officiers;GR_SPV022;Capitaine de sapeur-pompier volontaire
FS_POMSPV;Sapeurs-pompiers volontaires;CE_SPVOFFS;Officiers supérieurs;GR_SPV023;Commandant de sapeur-pompier volontaire
FS_POMSPV;Sapeurs-pompiers volontaires;CE_SPVOFFS;Officiers supérieurs;GR_SPV024;Lieutenant-Colonel de sapeur-pompier volontaire
FS_POMSPV;Sapeurs-pompiers volontaires;CE_SPVOFFS;Officiers supérieurs;GR_SPV025;Colonel de sapeur-pompier volontaire
FS_POMSPV;Sapeurs-pompiers volontaires;CE_SPVSAP;Sapeurs;GR_SPV001;Sapeur pompier volontaire de 2ème classe
FS_POMSPV;Sapeurs-pompiers volontaires;CE_SPVSAP;Sapeurs;GR_SPV002;Sapeur pompier volontaire de 1ère classe
FS_POMSPV;Sapeurs-pompiers volontaires;CE_SPVSAP;Sapeurs;GR_SPV003;Sapeur pompier volontaire
FS_POMSPV;Sapeurs-pompiers volontaires;CE_SPVSAP;Sapeurs;GR_SPV005;Caporal de sapeur-pompier volontaire
FS_POMSPV;Sapeurs-pompiers volontaires;CE_SPVSAP;Sapeurs;GR_SPV006;Caporal-chef de sapeur-pompier volontaire
FS_POMSPV;Sapeurs-pompiers volontaires;CE_SPVSOFF;Sous officiers;GR_SPV010;Sergent de sapeur-pompier volontaire
FS_POMSPV;Sapeurs-pompiers volontaires;CE_SPVSOFF;Sous officiers;GR_SPV011;Sergent-chef de sapeur-pompier volontaire
FS_POMSPV;Sapeurs-pompiers volontaires;CE_SPVSOFF;Sous officiers;GR_SPV012;Adjudant de sapeur-pompier volontaire
FS_POMSPV;Sapeurs-pompiers volontaires;CE_SPVSOFF;Sous officiers;GR_SPV013;Adjudant-chef de sapeur-pompier volontaire
FS_SPORTIF;Sportive;CE_CONSEILLE;Conseillers territoriaux A.P.S.;GR_SPO001;Conseiller territorial A.P.S.
FS_SPORTIF;Sportive;CE_CONSEILLE;Conseillers territoriaux A.P.S.;GR_SPO005;Conseiller territorial A.P.S. principal de 2ème classe
FS_SPORTIF;Sportive;CE_CONSEILLE;Conseillers territoriaux A.P.S.;GR_SPO006;Conseiller territorial A.P.S. principal de 1ère classe
FS_SPORTIF;Sportive;CE_EDUCATEUR;Educateurs territoriaux A.P.S.;GR_SPO012;Educateur A.P.S. hors classe
FS_SPORTIF;Sportive;CE_EDUCATEUR;Educateurs territoriaux A.P.S.;GR_SPO013P;Educateur A.P.S. hors classe provisoire (PROV.)
FS_SPORTIF;Sportive;CE_EDUCATEUR;Educateurs territoriaux A.P.S.;GR_SPO060;Educateur A.P.S. de 2ème classe
FS_SPORTIF;Sportive;CE_EDUCATEUR;Educateurs territoriaux A.P.S.;GR_SPO061;Educateur A.P.S. de 1ère classe
FS_SPORTIF;Sportive;CE_OPERATEUR;Opérateurs territoriaux A.P.S;GR_SPO020;Aide opérateur A.P.S.
FS_SPORTIF;Sportive;CE_OPERATEUR;Opérateurs territoriaux A.P.S;GR_SPO021;Opérateur A.P.S.
FS_SPORTIF;Sportive;CE_OPERATEUR;Opérateurs territoriaux A.P.S;GR_SPO022;Opérateur A.P.S. qualifié
FS_SPORTIF;Sportive;CE_OPERATEUR;Opérateurs territoriaux A.P.S;GR_SPO023;Opérateur A.P.S. principal
FS_TECHNIQUE;Technique;CE_ADJTEC;Adjoints techniques territoriaux;GR_TEC040;Adjoint technique territorial de 2ème classe
FS_TECHNIQUE;Technique;CE_ADJTEC;Adjoints techniques territoriaux;GR_TEC041;Adjoint technique territorial de 1ère classe
FS_TECHNIQUE;Technique;CE_ADJTEC;Adjoints techniques territoriaux;GR_TEC042;Adjoint technique territorial principal de 2ème classe
FS_TECHNIQUE;Technique;CE_ADJTEC;Adjoints techniques territoriaux;GR_TEC043;Adjoint technique territorial principal de 1ère classe
FS_TECHNIQUE;Technique;CE_ADJTOS;Adjoints techniques des établissements d'enseignement;GR_TOS020;Adjoint technique territorial de 2ème classe des établissements d'enseignement
FS_TECHNIQUE;Technique;CE_ADJTOS;Adjoints techniques des établissements d'enseignement;GR_TOS021;Adjoint technique territorial de 1ère classe des établissements d'enseignement
FS_TECHNIQUE;Technique;CE_ADJTOS;Adjoints techniques des établissements d'enseignement;GR_TOS022;Adjoint technique territorial principal 2 cl des établissements d'enseignement
FS_TECHNIQUE;Technique;CE_ADJTOS;Adjoints techniques des établissements d'enseignement;GR_TOS023;Adjoint technique territorial principal 1 cl des établissements d'enseignement
FS_TECHNIQUE;Technique;CE_AGMAITRIS;Agents de maîtrise territoriaux;GR_TEC044;Agent de maîtrise
FS_TECHNIQUE;Technique;CE_AGMAITRIS;Agents de maîtrise territoriaux;GR_TEC045;Agent de maîtrise principal
FS_TECHNIQUE;Technique;CE_INGENIEUR;Ingénieurs territoriaux;GR_TEC034;Ingénieur
FS_TECHNIQUE;Technique;CE_INGENIEUR;Ingénieurs territoriaux;GR_TEC034P;Ingénieur provisoire
FS_TECHNIQUE;Technique;CE_INGENIEUR;Ingénieurs territoriaux;GR_TEC035;Ingénieur principal
FS_TECHNIQUE;Technique;CE_INGENIEUR;Ingénieurs territoriaux;GR_TEC035P;Ingénieur principal provisoire
FS_TECHNIQUE;Technique;CE_INGENIEUR;Ingénieurs territoriaux;GR_TEC036;Ingénieur en chef de classe normale
FS_TECHNIQUE;Technique;CE_INGENIEUR;Ingénieurs territoriaux;GR_TEC037;Ingénieur en chef de classe exceptionnelle
FS_TECHNIQUE;Technique;CE_MENADJ;Adjoints des établissements d'enseignement;GR_MEN020;Adjoint technique de 2ème classe des établissements d'enseignement
FS_TECHNIQUE;Technique;CE_MENADJ;Adjoints des établissements d'enseignement;GR_MEN021;Adjoint technique de 1ère classe des établissements d'enseignement
FS_TECHNIQUE;Technique;CE_MENADJ;Adjoints des établissements d'enseignement;GR_MEN022;Adjoint technique principal de 2ème classe des étabs d'enseignement
FS_TECHNIQUE;Technique;CE_MENADJ;Adjoints des établissements d'enseignement;GR_MEN023;Adjoint technique principal de 1ère classe des étabs d'enseignement
FS_TECHNIQUE;Technique;CE_MENENT;Ouvriers d'entretien et d'accueil des étbl. d'enseignement;GR_MEN001;Ouvrier d'entretien et d'accueil des étbs d'enseignement (éducation nationale)
FS_TECHNIQUE;Technique;CE_MENMAI;Maîtres ouvriers des établissements d'enseignement;GR_MEN010;Maître ouvrier (éducation nationale)
FS_TECHNIQUE;Technique;CE_MENMAI;Maîtres ouvriers des établissements d'enseignement;GR_MEN011;Maître ouvrier principal (éducation nationale)
FS_TECHNIQUE;Technique;CE_MENPRO;Ouvriers professionnels des établissements d'enseignement;GR_MEN005;Ouvrier professionnel (éducation nationale)
FS_TECHNIQUE;Technique;CE_MENPRO;Ouvriers professionnels des établissements d'enseignement;GR_MEN006;Ouvrier professionnel principal (éducation nationale)
FS_TECHNIQUE;Technique;CE_TECHTER;Techniciens territoriaux;GR_TEC070;Technicien
FS_TECHNIQUE;Technique;CE_TECHTER;Techniciens territoriaux;GR_TEC071;Technicien principal de 2ème classe
FS_TECHNIQUE;Technique;CE_TECHTER;Techniciens territoriaux;GR_TEC072;Technicien principal de 1ère classe

