18429287,Grigorov,Couffin,non-titulaire,secrétaire administratif de classe exceptionnelle
73207672,Urbain,Noble,non-titulaire,administrateur civil hors classe
21649022,Gil,Benmansour,stagiaire,
66996561,Serge,Turchet,non-titulaire,secrétaire administratif de classe exceptionnelle
07104087,Erik,Bruneel,non-titulaire,administrateur civil
78553673,Xavier,Guenerie,titulaire,adjoint administratif principal de 2ème classe
09355091,Géraldine,Clolus,non-titulaire,adjoint administratif 2ème classe
32817616,Ahcene,De vfsj,non-titulaire,adjoint technique 2ème classe
71853881,Malcom,Jacquesson,titulaire,attaché
86335711,Jean-Pierre,Arnoux,non-titulaire,administrateur civil
48150888,Stéphane,Hiblot,stagiaire,
84695989,Jan,Guideau,titulaire,adjoint administratif principal de 1ère classe
81482496,Gerald,Wiliams,stagiaire,
17235378,Nemesis,De verclos,titulaire,adjoint technique principal de 1ère classe
84174767,Francisco,Contet,stagiaire,
49677918,Jean-Yves,Aboudou,non-titulaire,Chef de service
29070771,Stephan,Ratus,non-titulaire,secrétaire administratif de classe exceptionnelle
78888423,Elsa,Cusimano,titulaire,adjoint administratif 1ère classe
09749649,Jean Vincent,Gentel,titulaire,secrétaire administratif de classe normale
53858485,Erik,Lengrand,non-titulaire,adjoint administratif 1ère classe
54433001,Jimmy,Delta,non-titulaire,secrétaire administratif de classe exceptionnelle
92320447,Ben,Devoyon,titulaire,adjoint administratif principal de 2ème classe
02406463,Tristan,Jovin,titulaire,technicien de laboratoire de classe normale
62807425,Gilbert,Danton,titulaire,adjoint administratif principal de 1ère classe
45084985,Jean-Patrick,Markusse,non-titulaire,adjoint technique principal de 1ère classe
49765240,Florian,Battini,stagiaire,
77123617,Ray,Knockaert,non-titulaire,adjoint technique principal de 1ère classe
64828706,Patrice,Layous,titulaire,adjoint technique principal de 2ème classe
80187248,Yannis,Berraud,stagiaire,
54997339,Gerald,Serratore,titulaire,adjoint administratif 1ère classe
52028978,Nicole,Massias,titulaire,secrétaire administratif de classe normale
83914297,Emile,Stef,titulaire,technicien de laboratoire de classe exceptionnelle
55701662,Nathalie,Candelot,non-titulaire,attaché
06638564,Jan,Gay,non-titulaire,adjoint technique principal de 1ère classe
65253855,Martin,Dieudonné,non-titulaire,technicien de laboratoire de classe supérieure
56923584,Nesrine,Rogez,stagiaire,
87205104,Juliian,Le besq,non-titulaire,attaché
16819313,Xavier,Schaal,titulaire,adjoint administratif principal de 2ème classe
35007794,Hoerdt,Pagot,titulaire,adjoint administratif 1ère classe
36525840,Henri,Dargnat,non-titulaire,adjoint administratif principal de 1ère classe
65521343,Jimmy,Coiffier,stagiaire,
42834113,Christophe,Fauchon,non-titulaire,adjoint administratif principal de 1ère classe
59759691,Philippe,Isaac,non-titulaire,attaché
54436291,Daid,Severin,titulaire,secrétaire administratif de classe normale
11907742,Raymond,Grasset,stagiaire,
12317485,Jean-Michel,Azran,stagiaire,
81797375,Aurélien,Bertolino,titulaire,adjoint administratif principal de 2ème classe
20506319,Nat,Koukou,titulaire,secrétaire administratif de classe exceptionnelle
90487522,Laure,Levasseur,titulaire,adjoint administratif principal de 1ère classe
47036132,Willy,Lesturgeon,titulaire,adjoint administratif 2ème classe
48028637,Bruno,Gouez,titulaire,administrateur civil
82806047,Pat,Xxxxx,titulaire,technicien de laboratoire de classe normale
11342651,Gilbert,Derame,non-titulaire,adjoint technique principal de 2ème classe
32290294,Sandrine,Garrido,titulaire,secrétaire administratif de classe exceptionnelle
43576444,Liliane,Pires,non-titulaire,attaché
57158110,Ender,Servelle,titulaire,adjoint technique principal de 2ème classe
72895701,Stéphane,Laleuw,titulaire,adjoint administratif principal de 2ème classe
66065293,Rolland,Cueille,non-titulaire,secrétaire administratif de classe exceptionnelle
27947608,Geneviève,Festal,non-titulaire,adjoint administratif 1ère classe
35141393,Douglas,Tintin,titulaire,adjoint administratif 2ème classe
53738875,Emmanuel,Sourdais,titulaire,technicien de laboratoire de classe supérieure
58495606,Ishak,Cadin,stagiaire,
33107474,Monique,Boy,stagiaire,
30794074,Véronique,Aubin,stagiaire,
45578641,Vassili,Herbiet,non-titulaire,administrateur civil hors classe
14231706,Xavier,Mesplé,non-titulaire,adjoint technique 2ème classe
38670427,Ben,Gasche,titulaire,adjoint technique principal de 1ère classe
55882656,Sandrine,Konig,non-titulaire,technicien de laboratoire de classe exceptionnelle
74045436,Manuel,Balembois,titulaire,adjoint administratif principal de 1ère classe
43099890,Chloe,Murielle,titulaire,adjoint technique principal de 1ère classe
76702758,Dominique,Morison,non-titulaire,adjoint technique principal de 1ère classe
86397750,Jean-Hugues,Meuris,non-titulaire,adjoint administratif 2ème classe
13949452,Anne,Varotte,non-titulaire,technicien de laboratoire de classe exceptionnelle
11645754,François,Rambert,titulaire,attaché principal
82210873,Walter,Fak,titulaire,technicien de laboratoire de classe exceptionnelle
83687372,Titof,Duboz,non-titulaire,adjoint technique principal de 1ère classe
87347150,Rackam,Velenovsky,titulaire,technicien de laboratoire de classe exceptionnelle
31511065,Titof,Pededieu,non-titulaire,administrateur civil
13103158,Francisco,Richeboeuf,titulaire,adjoint administratif 1ère classe
80470366,Colette,Grota,titulaire,adjoint technique principal de 1ère classe
27933528,Antoine,Pruvot,titulaire,secrétaire administratif de classe supérieure
24892370,Jean-baptiste,Cheze,titulaire,secrétaire administratif de classe supérieure
92871613,Florent,Turquin,stagiaire,
86802559,Chloe,Nedelec,non-titulaire,secrétaire administratif de classe normale
97324046,Yohan,Lenepveu,stagiaire,
87573200,Jean-Paul,Thomé,stagiaire,
99160764,José,Stockmart,non-titulaire,Chef de service
24879797,Jean-Christian,Trique,titulaire,adjoint administratif principal de 1ère classe
61999750,Charlotte,Desfaudais,titulaire,administrateur civil
06108257,Bruno,Castelain,titulaire,administrateur civil
05342787,Phil,Lembourbé,stagiaire,
57152564,Danièle,Vik,non-titulaire,adjoint technique principal de 2ème classe
45388147,Fred,Benmerabet,non-titulaire,secrétaire administratif de classe supérieure
34101607,Lupin,Voisin,titulaire,secrétaire administratif de classe supérieure
83562303,André,Petrovic,stagiaire,
42158482,Denis,Breust,titulaire,adjoint technique principal de 1ère classe
97801125,Adam,Achereau,non-titulaire,adjoint technique principal de 2ème classe
54144114,Max,Verrier,titulaire,administrateur civil
57113248,Didier,Diouca,non-titulaire,administrateur civil
10472672,Arnaud,Stark,non-titulaire,adjoint technique principal de 2ème classe
01186859,Alain,Boutault,stagiaire,
22002204,Gerald,Savart,titulaire,attaché principal
57932657,Cécilia,Doualle,titulaire,Chef de service
50083271,Florent,Revault,titulaire,adjoint technique 2ème classe
26438625,Jonathan,Multins,titulaire,secrétaire administratif de classe supérieure
78684690,François,Pastaga,titulaire,administrateur civil hors classe
79532021,Rolland,Wattrelot,titulaire,attaché
26871908,Ahcene,Dumaine,non-titulaire,adjoint administratif principal de 2ème classe
58551794,Yannis,Nopi,stagiaire,
46054265,Arnaud,Laveaux,titulaire,adjoint technique principal de 2ème classe
75932044,Laure,Bouilleret,non-titulaire,secrétaire administratif de classe supérieure
78307971,Romain,Cunnac,titulaire,secrétaire administratif de classe supérieure
08232775,Cécilia,Galmiche,non-titulaire,Chef de service
91084998,Fabien,Frachon,non-titulaire,adjoint technique 2ème classe
22731191,Franck,Maubert,titulaire,adjoint administratif principal de 2ème classe
50650329,Ange,Bacquart,titulaire,adjoint technique principal de 2ème classe
03300262,Annie,Oudelet,stagiaire,
99491051,Jean-Pierre,Pique,titulaire,secrétaire administratif de classe exceptionnelle
85044834,Mickaël,Mezerette,titulaire,adjoint administratif principal de 2ème classe
66427496,Arnaud,Jouffroy,non-titulaire,adjoint administratif principal de 2ème classe
46117915,Cécilia,Tresgots,non-titulaire,attaché
37524480,Olivier,Mainguy,titulaire,secrétaire administratif de classe exceptionnelle
83214470,Kafe,Alves francis,titulaire,administrateur civil
51866722,Hichem,Delangle,titulaire,attaché
79678347,Jean-Patrick,Merienne,non-titulaire,adjoint technique 2ème classe
93305929,Fabien,Blon,non-titulaire,administrateur civil hors classe
93454659,Fabrice,Le henaff,stagiaire,
10514598,Ludovic,Halleb,non-titulaire,adjoint technique 1ère classe
69868252,Romain,Kasgtor,titulaire,secrétaire administratif de classe normale
08375752,Yohan,Marjorie,titulaire,adjoint administratif 2ème classe
56436710,Nat,Ravonneaux,stagiaire,
43175385,Marius,Diakite,stagiaire,
43980417,Alex,Messali,non-titulaire,secrétaire administratif de classe supérieure
69339332,Christian,Touze,titulaire,adjoint technique principal de 2ème classe
23220045,Annie,Cacerois,titulaire,Chef de service
82797078,Lair,Danjard,titulaire,adjoint administratif principal de 2ème classe
74617672,Arnaud,Bacquart,stagiaire,
50999065,Gilbert,Mouillet,non-titulaire,administrateur civil hors classe
21610804,Guylaine,Brenugat,non-titulaire,technicien de laboratoire de classe exceptionnelle
81313414,Laure,Ademe,stagiaire,
53441437,Emile,Roser,stagiaire,
83198943,Liliane,Dansin,stagiaire,
70422484,Quentin,Sim,non-titulaire,adjoint administratif 2ème classe
03219021,Arnaud,Yves,non-titulaire,secrétaire administratif de classe normale
12896817,Elsa,Yo,non-titulaire,adjoint technique 2ème classe
96540829,Cécile,Masson,stagiaire,
52259684,Stephan,Bois,titulaire,attaché principal
29888124,Yves,Dfg,stagiaire,
23135107,Anthony,Choyer,non-titulaire,technicien de laboratoire de classe exceptionnelle
65108727,Annie,Clet,titulaire,administrateur civil hors classe
57360634,Thibault,Bessette,stagiaire,
51665238,Tristan,Casset,titulaire,secrétaire administratif de classe supérieure
72394787,Patricia,Canc,titulaire,administrateur civil hors classe
25434720,JC,Guichard,titulaire,technicien de laboratoire de classe normale
01829250,Lilian,Belabbas,titulaire,Chef de service
32006992,Jessica,Trei,titulaire,adjoint technique principal de 1ère classe
73159606,Jamal,Veyrune,non-titulaire,technicien de laboratoire de classe normale
51449903,Sam,Junjaud,titulaire,adjoint technique 1ère classe
89327696,Raoul,Chaxou,titulaire,adjoint technique principal de 2ème classe
08609545,Cyril,Jockers,stagiaire,
66773942,Jean Vincent,Lafutaye,non-titulaire,attaché
67270630,Maryline,Delagos,non-titulaire,administrateur civil
57695921,Patricia,Bandon,titulaire,secrétaire administratif de classe normale
26170264,Jack,Premel,titulaire,technicien de laboratoire de classe exceptionnelle
62084458,Al,Lampoule,non-titulaire,Chef de service
98489144,Brest,Volker,titulaire,secrétaire administratif de classe normale
19206369,Jean-Marie,Beltran,titulaire,adjoint technique principal de 2ème classe
54085306,Thierry,Husson,titulaire,secrétaire administratif de classe normale
10212764,Jean-Paul,Bien,non-titulaire,technicien de laboratoire de classe supérieure
81451973,Lomig,Motte,stagiaire,
87018935,Géraldine,Augros,stagiaire,
36511621,Tristan,Bezot,stagiaire,
47227162,Stef,Moll,titulaire,administrateur civil hors classe
64234675,Cyrille,Cupi,stagiaire,
01262732,Al,Hebert,titulaire,administrateur civil hors classe
27724749,Ernest,Chaudanson,titulaire,Chef de service
89486243,Jean-Pierre,Guiberteau,titulaire,adjoint administratif 1ère classe
45029894,Jean-Pierre,Gaudon,stagiaire,
27745482,Jean-Hugues,Koukho,titulaire,adjoint technique 1ère classe
50394249,Richard,Theologien,titulaire,conseiller technique de service social
64144244,Jos,Loisier,titulaire,adjoint administratif 2ème classe
46285048,Nadège,Ghraoui,non-titulaire,administrateur civil
73478984,Cyril,Delimard,titulaire,adjoint administratif 1ère classe
63132849,Charlotte,Capdivila,titulaire,conseiller technique de service social
70330877,Antonio,Brand,titulaire,administrateur civil
21834400,Mireille,Wattrelot,titulaire,adjoint technique 1ère classe
58087485,Henri,Konlein,stagiaire,
77783383,Isa,Cren,stagiaire,
42091148,Biface,Zimmermann,stagiaire,
52166155,Thibault,Clécy,non-titulaire,adjoint technique 2ème classe
54384838,Mathieu,Christelle,titulaire,adjoint technique 2ème classe
45857906,Cid,Bl,stagiaire,
23429489,Jean-François,Donet,titulaire,technicien de laboratoire de classe exceptionnelle
84072174,Alex,Bellet,titulaire,adjoint administratif 1ère classe
79571628,Henri,Barbe,stagiaire,
49530838,Elisabeth,Meca,titulaire,adjoint technique 1ère classe
63454733,Dominique,Balmer,non-titulaire,adjoint administratif 2ème classe
70805851,Mag,Borde,stagiaire,
28514399,Michaël,Uncle,titulaire,attaché
27754516,Hakim,Letemps,stagiaire,
